"id_pelanggan","nama_lengkap","email"
1,"Andi Aji Supriyanto","andiajisupriyanto@email.com"
2,"Joko Setiawati Permana","jokosetiawatipermana@email.com"
3,"Eka Rani Wulandari","ekaraniwulandari@email.com"
4,"Andi Kusuma Saputra","andikusumasaputra@email.com"
5,"Intan Rani Putri","intanraniputri@email.com"
6,"Intan Permata Wulandari","intanpermatawulandari@email.com"
7,"Citra Nur Saputra","citranursaputra@email.com"
8,"Eka Arya Putri","ekaaryaputri@email.com"
9,"Andi Arya Permana","andiaryapermana@email.com"
10,"Intan Dewi Hartono","intandewihartono@email.com"
11,"Intan Kusuma Supriyanto","intankusumasupriyanto@email.com"
12,"Joko Rani Aditya","jokoraniaditya@email.com"
13,"Andi Permata Permana","andipermatapermana@email.com"
14,"Hani Putri Permana","haniputripermana@email.com"
15,"Gita Ramadhan Wulandari","gitaramadhanwulandari@email.com"
16,"Budi Nur Rahmawati","budinurrahmawati@email.com"
17,"Eka Wulan Wulandari","ekawulanwulandari@email.com"
18,"Dwi Putri Hartono","dwiputrihartono@email.com"
19,"Citra Saputra Supriyanto","citrasaputrasupriyanto@email.com"
20,"Intan Saputra Kusumawardhani","intansaputrakusumawardhani@email.com"
21,"Dwi Putri Kusumawardhani","dwiputrikusumawardhani@email.com"
22,"Budi Arya Rahmawati","budiaryarahmawati@email.com"
23,"Fajar Putri Setyaningsih","fajarputrisetyaningsih@email.com"
24,"Budi Kusuma Kusumawardhani","budikusumakusumawardhani@email.com"
25,"Hani Setiawati Wulandari","hanisetiawatiwulandari@email.com"
26,"Hani Ramadhan Kusumawardhani","haniramadhankusumawardhani@email.com"
27,"Hani Arya Kusumawardhani","haniaryakusumawardhani@email.com"
28,"Fajar Permata Supriyanto","fajarpermatasupriyanto@email.com"
29,"Hani Ramadhany Kusumawardhani","haniramadhanykusumawardhani@email.com"
30,"Dwi Rani Supriyanto","dwiranisupriyanto@email.com"
31,"Budi Saputra Setyaningsih","budisaputrasetyaningsih@email.com"
32,"Budi Putri Rahmawati","budiputrirahmawati@email.com"
33,"Budi Ramadhan Saputra","budiramadhansaputra@email.com"
34,"Joko Kusuma Aditya","jokokusumaaditya@email.com"
35,"Andi Rani Hartono","andiranihartono@email.com"
36,"Joko Nur Kusumawardhani","jokonurkusumawardhani@email.com"
37,"Fajar Rani Saputra","fajarranisaputra@email.com"
38,"Budi Ramadhan Setyaningsih","budiramadhansetyaningsih@email.com"
39,"Intan Arya Setyaningsih","intanaryasetyaningsih@email.com"
40,"Gita Ramadhany Hartono","gitaramadhanyhartono@email.com"
41,"Fajar Ramadhany Supriyanto","fajarramadhanysupriyanto@email.com"
42,"Eka Aji Kusumawardhani","ekaajikusumawardhani@email.com"
43,"Budi Setiawati Kusumawardhani","budisetiawatikusumawardhani@email.com"
44,"Citra Nur Rahmawati","citranurrahmawati@email.com"
45,"Joko Ramadhany Rahmawati","jokoramadhanyrahmawati@email.com"
46,"Fajar Aji Saputra","fajarajisaputra@email.com"
47,"Gita Setiawan Setyaningsih","gitasetiawansetyaningsih@email.com"
48,"Fajar Arya Hartono","fajararyahartono@email.com"
49,"Andi Agung Kusumawardhani","andiagungkusumawardhani@email.com"
50,"Eka Aji Putri","ekaajiputri@email.com"
51,"Citra Kusuma Aditya","citrakusumaaditya@email.com"
52,"Dwi Saputra Kusumawardhani","dwisaputrakusumawardhani@email.com"
53,"Budi Setiawati Putri","budisetiawatiputri@email.com"
54,"Budi Wulan Aditya","budiwulanaditya@email.com"
55,"Eka Dewi Putri","ekadewiputri@email.com"
56,"Dwi Rani Putri","dwiraniputri@email.com"
57,"Dwi Kusuma Kusumawardhani","dwikusumakusumawardhani@email.com"
58,"Dwi Aji Kusumawardhani","dwiajikusumawardhani@email.com"
59,"Eka Saputra Hartono","ekasaputrahartono@email.com"
60,"Joko Permata Rahmawati","jokopermatarahmawati@email.com"
61,"Andi Ramadhany Rahmawati","andiramadhanyrahmawati@email.com"
62,"Intan Aji Aditya","intanajiaditya@email.com"
63,"Eka Kusuma Permana","ekakusumapermana@email.com"
64,"Dwi Kusuma Aditya","dwikusumaaditya@email.com"
65,"Gita Rani Hartono","gitaranihartono@email.com"
66,"Intan Agung Supriyanto","intanagungsupriyanto@email.com"
67,"Hani Setiawati Rahmawati","hanisetiawatirahmawati@email.com"
68,"Citra Wulan Permana","citrawulanpermana@email.com"
69,"Hani Saputra Putri","hanisaputraputri@email.com"
70,"Andi Setiawan Supriyanto","andisetiawansupriyanto@email.com"
71,"Hani Setiawati Supriyanto","hanisetiawatisupriyanto@email.com"
72,"Dwi Setiawan Supriyanto","dwisetiawansupriyanto@email.com"
73,"Intan Wulan Kusumawardhani","intanwulankusumawardhani@email.com"
74,"Gita Ramadhany Saputra","gitaramadhanysaputra@email.com"
75,"Hani Agung Saputra","haniagungsaputra@email.com"
76,"Eka Wulan Putri","ekawulanputri@email.com"
77,"Andi Saputra Hartono","andisaputrahartono@email.com"
78,"Andi Arya Putri","andiaryaputri@email.com"
79,"Intan Permata Supriyanto","intanpermatasupriyanto@email.com"
80,"Eka Ramadhany Supriyanto","ekaramadhanysupriyanto@email.com"
81,"Citra Aji Wulandari","citraajiwulandari@email.com"
82,"Eka Arya Aditya","ekaaryaaditya@email.com"
83,"Gita Agung Permana","gitaagungpermana@email.com"
84,"Fajar Setiawati Permana","fajarsetiawatipermana@email.com"
85,"Gita Ramadhan Kusumawardhani","gitaramadhankusumawardhani@email.com"
86,"Fajar Setiawati Putri","fajarsetiawatiputri@email.com"
87,"Citra Ramadhan Setyaningsih","citraramadhansetyaningsih@email.com"
88,"Eka Agung Kusumawardhani","ekaagungkusumawardhani@email.com"
89,"Citra Permata Aditya","citrapermataaditya@email.com"
90,"Hani Putri Kusumawardhani","haniputrikusumawardhani@email.com"
91,"Fajar Kusuma Hartono","fajarkusumahartono@email.com"
92,"Hani Agung Kusumawardhani","haniagungkusumawardhani@email.com"
93,"Gita Saputra Rahmawati","gitasaputrarahmawati@email.com"
94,"Gita Rani Rahmawati","gitaranirahmawati@email.com"
95,"Fajar Wulan Saputra","fajarwulansaputra@email.com"
96,"Fajar Aji Hartono","fajarajihartono@email.com"
97,"Intan Aji Supriyanto","intanajisupriyanto@email.com"
98,"Fajar Ramadhan Supriyanto","fajarramadhansupriyanto@email.com"
99,"Eka Setiawan Setyaningsih","ekasetiawansetyaningsih@email.com"
100,"Fajar Rani Rahmawati","fajarranirahmawati@email.com"
101,"Intan Setiawati Aditya","intansetiawatiaditya@email.com"
102,"Gita Putri Aditya","gitaputriaditya@email.com"
103,"Budi Agung Supriyanto","budiagungsupriyanto@email.com"
104,"Gita Dewi Kusumawardhani","gitadewikusumawardhani@email.com"
105,"Budi Arya Setyaningsih","budiaryasetyaningsih@email.com"
106,"Hani Putri Saputra","haniputrisaputra@email.com"
107,"Gita Setiawati Wulandari","gitasetiawatiwulandari@email.com"
108,"Dwi Saputra Rahmawati","dwisaputrarahmawati@email.com"
109,"Eka Wulan Rahmawati","ekawulanrahmawati@email.com"
110,"Andi Setiawati Kusumawardhani","andisetiawatikusumawardhani@email.com"
111,"Hani Dewi Setyaningsih","hanidewisetyaningsih@email.com"
112,"Dwi Ramadhan Aditya","dwiramadhanaditya@email.com"
113,"Andi Ramadhany Saputra","andiramadhanysaputra@email.com"
114,"Fajar Ramadhan Hartono","fajarramadhanhartono@email.com"
115,"Andi Aji Setyaningsih","andiajisetyaningsih@email.com"
116,"Citra Setiawan Setyaningsih","citrasetiawansetyaningsih@email.com"
117,"Andi Setiawan Rahmawati","andisetiawanrahmawati@email.com"
118,"Joko Setiawan Permana","jokosetiawanpermana@email.com"
119,"Intan Ramadhany Setyaningsih","intanramadhanysetyaningsih@email.com"
120,"Joko Ramadhan Aditya","jokoramadhanaditya@email.com"
121,"Eka Putri Aditya","ekaputriaditya@email.com"
122,"Andi Nur Aditya","andinuraditya@email.com"
123,"Gita Saputra Putri","gitasaputraputri@email.com"
124,"Hani Dewi Permana","hanidewipermana@email.com"
125,"Eka Arya Supriyanto","ekaaryasupriyanto@email.com"
126,"Joko Aji Supriyanto","jokoajisupriyanto@email.com"
127,"Eka Permata Rahmawati","ekapermatarahmawati@email.com"
128,"Eka Arya Rahmawati","ekaaryarahmawati@email.com"
129,"Joko Setiawan Supriyanto","jokosetiawansupriyanto@email.com"
130,"Fajar Rani Wulandari","fajarraniwulandari@email.com"
131,"Hani Arya Saputra","haniaryasaputra@email.com"
132,"Intan Ramadhany Aditya","intanramadhanyaditya@email.com"
133,"Fajar Kusuma Setyaningsih","fajarkusumasetyaningsih@email.com"
134,"Gita Rani Supriyanto","gitaranisupriyanto@email.com"
135,"Fajar Wulan Hartono","fajarwulanhartono@email.com"
136,"Budi Agung Saputra","budiagungsaputra@email.com"
137,"Eka Ramadhan Saputra","ekaramadhansaputra@email.com"
138,"Gita Setiawati Setyaningsih","gitasetiawatisetyaningsih@email.com"
139,"Hani Saputra Saputra","hanisaputrasaputra@email.com"
140,"Andi Permata Saputra","andipermatasaputra@email.com"
141,"Andi Setiawati Aditya","andisetiawatiaditya@email.com"
142,"Gita Arya Saputra","gitaaryasaputra@email.com"
143,"Hani Ramadhan Supriyanto","haniramadhansupriyanto@email.com"
144,"Joko Rani Supriyanto","jokoranisupriyanto@email.com"
145,"Citra Ramadhany Saputra","citraramadhanysaputra@email.com"
146,"Gita Permata Supriyanto","gitapermatasupriyanto@email.com"
147,"Gita Nur Aditya","gitanuraditya@email.com"
148,"Joko Ramadhany Permana","jokoramadhanypermana@email.com"
149,"Dwi Arya Aditya","dwiaryaaditya@email.com"
150,"Citra Setiawati Setyaningsih","citrasetiawatisetyaningsih@email.com"
151,"Andi Ramadhan Hartono","andiramadhanhartono@email.com"
152,"Fajar Aji Setyaningsih","fajarajisetyaningsih@email.com"
153,"Fajar Arya Permana","fajararyapermana@email.com"
154,"Citra Aji Aditya","citraajiaditya@email.com"
155,"Intan Kusuma Aditya","intankusumaaditya@email.com"
156,"Gita Nur Permana","gitanurpermana@email.com"
157,"Gita Ramadhany Kusumawardhani","gitaramadhanykusumawardhani@email.com"
158,"Intan Aji Putri","intanajiputri@email.com"
159,"Citra Aji Rahmawati","citraajirahmawati@email.com"
160,"Andi Nur Hartono","andinurhartono@email.com"
161,"Citra Arya Wulandari","citraaryawulandari@email.com"
162,"Gita Nur Setyaningsih","gitanursetyaningsih@email.com"
163,"Andi Ramadhan Wulandari","andiramadhanwulandari@email.com"
164,"Citra Wulan Kusumawardhani","citrawulankusumawardhani@email.com"
165,"Joko Wulan Wulandari","jokowulanwulandari@email.com"
166,"Fajar Ramadhan Putri","fajarramadhanputri@email.com"
167,"Joko Ramadhan Supriyanto","jokoramadhansupriyanto@email.com"
168,"Budi Nur Hartono","budinurhartono@email.com"
169,"Andi Permata Supriyanto","andipermatasupriyanto@email.com"
170,"Dwi Setiawati Supriyanto","dwisetiawatisupriyanto@email.com"
171,"Citra Saputra Permana","citrasaputrapermana@email.com"
172,"Hani Permata Hartono","hanipermatahartono@email.com"
173,"Fajar Aji Rahmawati","fajarajirahmawati@email.com"
174,"Budi Ramadhany Rahmawati","budiramadhanyrahmawati@email.com"
175,"Fajar Putri Aditya","fajarputriaditya@email.com"
176,"Dwi Dewi Supriyanto","dwidewisupriyanto@email.com"
177,"Gita Kusuma Kusumawardhani","gitakusumakusumawardhani@email.com"
178,"Fajar Ramadhan Rahmawati","fajarramadhanrahmawati@email.com"
179,"Hani Agung Aditya","haniagungaditya@email.com"
180,"Hani Arya Putri","haniaryaputri@email.com"
181,"Intan Rani Wulandari","intanraniwulandari@email.com"
182,"Budi Kusuma Supriyanto","budikusumasupriyanto@email.com"
183,"Hani Dewi Putri","hanidewiputri@email.com"
184,"Fajar Setiawati Kusumawardhani","fajarsetiawatikusumawardhani@email.com"
185,"Intan Ramadhan Saputra","intanramadhansaputra@email.com"
186,"Eka Putri Supriyanto","ekaputrisupriyanto@email.com"
187,"Budi Saputra Hartono","budisaputrahartono@email.com"
188,"Dwi Aji Setyaningsih","dwiajisetyaningsih@email.com"
189,"Hani Setiawati Saputra","hanisetiawatisaputra@email.com"
190,"Dwi Nur Saputra","dwinursaputra@email.com"
191,"Citra Rani Supriyanto","citraranisupriyanto@email.com"
192,"Fajar Putri Rahmawati","fajarputrirahmawati@email.com"
193,"Hani Saputra Aditya","hanisaputraaditya@email.com"
194,"Fajar Ramadhan Saputra","fajarramadhansaputra@email.com"
195,"Citra Setiawan Putri","citrasetiawanputri@email.com"
196,"Andi Agung Putri","andiagungputri@email.com"
197,"Fajar Nur Permana","fajarnurpermana@email.com"
198,"Dwi Saputra Wulandari","dwisaputrawulandari@email.com"
199,"Fajar Putri Permana","fajarputripermana@email.com"
200,"Eka Setiawan Wulandari","ekasetiawanwulandari@email.com"
201,"Eka Ramadhan Hartono","ekaramadhanhartono@email.com"
202,"Intan Ramadhany Wulandari","intanramadhanywulandari@email.com"
203,"Gita Setiawan Rahmawati","gitasetiawanrahmawati@email.com"
204,"Gita Setiawati Supriyanto","gitasetiawatisupriyanto@email.com"
205,"Andi Setiawati Supriyanto","andisetiawatisupriyanto@email.com"
206,"Andi Nur Kusumawardhani","andinurkusumawardhani@email.com"
207,"Eka Ramadhan Rahmawati","ekaramadhanrahmawati@email.com"
208,"Gita Ramadhan Rahmawati","gitaramadhanrahmawati@email.com"
209,"Budi Agung Wulandari","budiagungwulandari@email.com"
210,"Eka Ramadhan Aditya","ekaramadhanaditya@email.com"
211,"Eka Aji Permana","ekaajipermana@email.com"
212,"Budi Setiawati Rahmawati","budisetiawatirahmawati@email.com"
213,"Citra Arya Hartono","citraaryahartono@email.com"
214,"Budi Ramadhan Supriyanto","budiramadhansupriyanto@email.com"
215,"Citra Wulan Wulandari","citrawulanwulandari@email.com"
216,"Citra Putri Permana","citraputripermana@email.com"
217,"Dwi Ramadhany Rahmawati","dwiramadhanyrahmawati@email.com"
218,"Hani Aji Wulandari","haniajiwulandari@email.com"
219,"Gita Wulan Supriyanto","gitawulansupriyanto@email.com"
220,"Fajar Putri Saputra","fajarputrisaputra@email.com"
221,"Andi Nur Rahmawati","andinurrahmawati@email.com"
222,"Dwi Permata Saputra","dwipermatasaputra@email.com"
223,"Intan Dewi Rahmawati","intandewirahmawati@email.com"
224,"Gita Putri Hartono","gitaputrihartono@email.com"
225,"Citra Setiawan Wulandari","citrasetiawanwulandari@email.com"
226,"Andi Wulan Putri","andiwulanputri@email.com"
227,"Fajar Wulan Permana","fajarwulanpermana@email.com"
228,"Gita Ramadhan Supriyanto","gitaramadhansupriyanto@email.com"
229,"Fajar Dewi Putri","fajardewiputri@email.com"
230,"Joko Aji Rahmawati","jokoajirahmawati@email.com"
231,"Joko Nur Saputra","jokonursaputra@email.com"
232,"Intan Nur Saputra","intannursaputra@email.com"
233,"Intan Dewi Supriyanto","intandewisupriyanto@email.com"
234,"Joko Ramadhany Saputra","jokoramadhanysaputra@email.com"
235,"Joko Nur Aditya","jokonuraditya@email.com"
236,"Dwi Aji Putri","dwiajiputri@email.com"
237,"Eka Setiawati Rahmawati","ekasetiawatirahmawati@email.com"
238,"Joko Ramadhan Setyaningsih","jokoramadhansetyaningsih@email.com"
239,"Intan Permata Saputra","intanpermatasaputra@email.com"
240,"Andi Nur Supriyanto","andinursupriyanto@email.com"
241,"Eka Rani Hartono","ekaranihartono@email.com"
242,"Andi Saputra Rahmawati","andisaputrarahmawati@email.com"
243,"Andi Dewi Rahmawati","andidewirahmawati@email.com"
244,"Intan Wulan Aditya","intanwulanaditya@email.com"
245,"Eka Permata Aditya","ekapermataaditya@email.com"
246,"Gita Dewi Permana","gitadewipermana@email.com"
247,"Eka Kusuma Saputra","ekakusumasaputra@email.com"
248,"Joko Setiawati Aditya","jokosetiawatiaditya@email.com"
249,"Joko Permata Hartono","jokopermatahartono@email.com"
250,"Dwi Arya Wulandari","dwiaryawulandari@email.com"
251,"Joko Putri Aditya","jokoputriaditya@email.com"
252,"Budi Rani Rahmawati","budiranirahmawati@email.com"
253,"Dwi Nur Kusumawardhani","dwinurkusumawardhani@email.com"
254,"Joko Permata Setyaningsih","jokopermatasetyaningsih@email.com"
255,"Eka Dewi Supriyanto","ekadewisupriyanto@email.com"
256,"Dwi Setiawan Saputra","dwisetiawansaputra@email.com"
257,"Intan Rani Supriyanto","intanranisupriyanto@email.com"
258,"Andi Rani Aditya","andiraniaditya@email.com"
259,"Joko Arya Putri","jokoaryaputri@email.com"
260,"Eka Wulan Permana","ekawulanpermana@email.com"
261,"Citra Rani Setyaningsih","citraranisetyaningsih@email.com"
262,"Eka Ramadhan Kusumawardhani","ekaramadhankusumawardhani@email.com"
263,"Hani Agung Putri","haniagungputri@email.com"
264,"Eka Saputra Kusumawardhani","ekasaputrakusumawardhani@email.com"
265,"Joko Arya Setyaningsih","jokoaryasetyaningsih@email.com"
266,"Fajar Kusuma Saputra","fajarkusumasaputra@email.com"
267,"Eka Aji Supriyanto","ekaajisupriyanto@email.com"
268,"Joko Wulan Aditya","jokowulanaditya@email.com"
269,"Eka Kusuma Kusumawardhani","ekakusumakusumawardhani@email.com"
270,"Andi Ramadhany Kusumawardhani","andiramadhanykusumawardhani@email.com"
271,"Intan Setiawati Kusumawardhani","intansetiawatikusumawardhani@email.com"
272,"Fajar Permata Saputra","fajarpermatasaputra@email.com"
273,"Joko Rani Rahmawati","jokoranirahmawati@email.com"
274,"Budi Saputra Putri","budisaputraputri@email.com"
275,"Hani Kusuma Hartono","hanikusumahartono@email.com"
276,"Gita Putri Rahmawati","gitaputrirahmawati@email.com"
277,"Hani Arya Permana","haniaryapermana@email.com"
278,"Fajar Setiawati Hartono","fajarsetiawatihartono@email.com"
279,"Intan Rani Rahmawati","intanranirahmawati@email.com"
280,"Budi Nur Saputra","budinursaputra@email.com"
281,"Joko Setiawan Hartono","jokosetiawanhartono@email.com"
282,"Intan Saputra Putri","intansaputraputri@email.com"
283,"Eka Setiawan Putri","ekasetiawanputri@email.com"
284,"Gita Rani Saputra","gitaranisaputra@email.com"
285,"Fajar Kusuma Wulandari","fajarkusumawulandari@email.com"
286,"Gita Setiawan Kusumawardhani","gitasetiawankusumawardhani@email.com"
287,"Dwi Dewi Saputra","dwidewisaputra@email.com"
288,"Intan Dewi Wulandari","intandewiwulandari@email.com"
289,"Fajar Aji Supriyanto","fajarajisupriyanto@email.com"
290,"Fajar Kusuma Rahmawati","fajarkusumarahmawati@email.com"
291,"Andi Nur Wulandari","andinurwulandari@email.com"
292,"Eka Putri Wulandari","ekaputriwulandari@email.com"
293,"Citra Rani Saputra","citraranisaputra@email.com"
294,"Dwi Agung Supriyanto","dwiagungsupriyanto@email.com"
295,"Andi Wulan Supriyanto","andiwulansupriyanto@email.com"
296,"Budi Wulan Permana","budiwulanpermana@email.com"
297,"Joko Arya Aditya","jokoaryaaditya@email.com"
298,"Gita Ramadhany Permana","gitaramadhanypermana@email.com"
299,"Intan Wulan Permana","intanwulanpermana@email.com"
300,"Eka Rani Setyaningsih","ekaranisetyaningsih@email.com"
301,"Dwi Dewi Putri","dwidewiputri@email.com"
302,"Dwi Setiawati Aditya","dwisetiawatiaditya@email.com"
303,"Hani Ramadhany Setyaningsih","haniramadhanysetyaningsih@email.com"
304,"Hani Agung Setyaningsih","haniagungsetyaningsih@email.com"
305,"Gita Kusuma Setyaningsih","gitakusumasetyaningsih@email.com"
306,"Hani Setiawan Hartono","hanisetiawanhartono@email.com"
307,"Hani Ramadhan Hartono","haniramadhanhartono@email.com"
308,"Intan Arya Putri","intanaryaputri@email.com"
309,"Dwi Dewi Rahmawati","dwidewirahmawati@email.com"
310,"Hani Setiawati Setyaningsih","hanisetiawatisetyaningsih@email.com"
311,"Citra Setiawati Supriyanto","citrasetiawatisupriyanto@email.com"
312,"Joko Ramadhany Wulandari","jokoramadhanywulandari@email.com"
313,"Budi Setiawati Wulandari","budisetiawatiwulandari@email.com"
314,"Gita Setiawan Saputra","gitasetiawansaputra@email.com"
315,"Eka Saputra Permana","ekasaputrapermana@email.com"
316,"Hani Dewi Saputra","hanidewisaputra@email.com"
317,"Fajar Aji Wulandari","fajarajiwulandari@email.com"
318,"Fajar Dewi Setyaningsih","fajardewisetyaningsih@email.com"
319,"Gita Saputra Hartono","gitasaputrahartono@email.com"
320,"Fajar Wulan Kusumawardhani","fajarwulankusumawardhani@email.com"
321,"Gita Arya Aditya","gitaaryaaditya@email.com"
322,"Citra Dewi Permana","citradewipermana@email.com"
323,"Andi Ramadhan Putri","andiramadhanputri@email.com"
324,"Dwi Agung Saputra","dwiagungsaputra@email.com"
325,"Fajar Agung Aditya","fajaragungaditya@email.com"
326,"Joko Kusuma Supriyanto","jokokusumasupriyanto@email.com"
327,"Dwi Agung Permana","dwiagungpermana@email.com"
328,"Andi Kusuma Hartono","andikusumahartono@email.com"
329,"Budi Ramadhany Permana","budiramadhanypermana@email.com"
330,"Citra Ramadhan Aditya","citraramadhanaditya@email.com"
331,"Citra Arya Setyaningsih","citraaryasetyaningsih@email.com"
332,"Intan Saputra Saputra","intansaputrasaputra@email.com"
333,"Citra Aji Saputra","citraajisaputra@email.com"
334,"Eka Kusuma Supriyanto","ekakusumasupriyanto@email.com"
335,"Hani Aji Putri","haniajiputri@email.com"
336,"Joko Setiawan Rahmawati","jokosetiawanrahmawati@email.com"
337,"Fajar Permata Putri","fajarpermataputri@email.com"
338,"Citra Setiawati Aditya","citrasetiawatiaditya@email.com"
339,"Budi Setiawati Supriyanto","budisetiawatisupriyanto@email.com"
340,"Budi Putri Permana","budiputripermana@email.com"
341,"Gita Aji Putri","gitaajiputri@email.com"
342,"Eka Permata Saputra","ekapermatasaputra@email.com"
343,"Citra Putri Wulandari","citraputriwulandari@email.com"
344,"Gita Ramadhan Aditya","gitaramadhanaditya@email.com"
345,"Andi Arya Supriyanto","andiaryasupriyanto@email.com"
346,"Citra Setiawati Wulandari","citrasetiawatiwulandari@email.com"
347,"Fajar Permata Rahmawati","fajarpermatarahmawati@email.com"
348,"Fajar Agung Rahmawati","fajaragungrahmawati@email.com"
349,"Eka Permata Kusumawardhani","ekapermatakusumawardhani@email.com"
350,"Dwi Setiawan Setyaningsih","dwisetiawansetyaningsih@email.com"
351,"Dwi Agung Setyaningsih","dwiagungsetyaningsih@email.com"
352,"Fajar Setiawati Rahmawati","fajarsetiawatirahmawati@email.com"
353,"Dwi Rani Rahmawati","dwiranirahmawati@email.com"
354,"Dwi Dewi Wulandari","dwidewiwulandari@email.com"
355,"Dwi Setiawan Wulandari","dwisetiawanwulandari@email.com"
356,"Joko Ramadhany Supriyanto","jokoramadhanysupriyanto@email.com"
357,"Budi Wulan Kusumawardhani","budiwulankusumawardhani@email.com"
358,"Fajar Ramadhan Wulandari","fajarramadhanwulandari@email.com"
359,"Fajar Ramadhany Putri","fajarramadhanyputri@email.com"
360,"Gita Wulan Setyaningsih","gitawulansetyaningsih@email.com"
361,"Gita Putri Supriyanto","gitaputrisupriyanto@email.com"
362,"Joko Nur Hartono","jokonurhartono@email.com"
363,"Gita Kusuma Supriyanto","gitakusumasupriyanto@email.com"
364,"Gita Wulan Permana","gitawulanpermana@email.com"
365,"Budi Arya Supriyanto","budiaryasupriyanto@email.com"
366,"Citra Aji Permana","citraajipermana@email.com"
367,"Dwi Ramadhan Putri","dwiramadhanputri@email.com"
368,"Dwi Permata Wulandari","dwipermatawulandari@email.com"
369,"Fajar Arya Putri","fajararyaputri@email.com"
370,"Budi Kusuma Setyaningsih","budikusumasetyaningsih@email.com"
371,"Andi Aji Kusumawardhani","andiajikusumawardhani@email.com"
372,"Citra Permata Wulandari","citrapermatawulandari@email.com"
373,"Dwi Rani Hartono","dwiranihartono@email.com"
374,"Andi Kusuma Supriyanto","andikusumasupriyanto@email.com"
375,"Dwi Agung Rahmawati","dwiagungrahmawati@email.com"
376,"Budi Arya Saputra","budiaryasaputra@email.com"
377,"Eka Setiawati Setyaningsih","ekasetiawatisetyaningsih@email.com"
378,"Hani Rani Aditya","haniraniaditya@email.com"
379,"Hani Arya Setyaningsih","haniaryasetyaningsih@email.com"
380,"Gita Ramadhany Rahmawati","gitaramadhanyrahmawati@email.com"
381,"Gita Saputra Setyaningsih","gitasaputrasetyaningsih@email.com"
382,"Eka Ramadhan Permana","ekaramadhanpermana@email.com"
383,"Joko Saputra Supriyanto","jokosaputrasupriyanto@email.com"
384,"Hani Dewi Wulandari","hanidewiwulandari@email.com"
385,"Eka Arya Wulandari","ekaaryawulandari@email.com"
386,"Fajar Agung Setyaningsih","fajaragungsetyaningsih@email.com"
387,"Budi Permata Kusumawardhani","budipermatakusumawardhani@email.com"
388,"Eka Rani Aditya","ekaraniaditya@email.com"
389,"Hani Kusuma Rahmawati","hanikusumarahmawati@email.com"
390,"Citra Setiawan Kusumawardhani","citrasetiawankusumawardhani@email.com"
391,"Joko Ramadhan Putri","jokoramadhanputri@email.com"
392,"Eka Nur Putri","ekanurputri@email.com"
393,"Joko Setiawan Wulandari","jokosetiawanwulandari@email.com"
394,"Citra Rani Aditya","citraraniaditya@email.com"
395,"Hani Ramadhany Aditya","haniramadhanyaditya@email.com"
396,"Gita Ramadhan Putri","gitaramadhanputri@email.com"
397,"Intan Nur Aditya","intannuraditya@email.com"
398,"Andi Dewi Hartono","andidewihartono@email.com"
399,"Intan Kusuma Hartono","intankusumahartono@email.com"
400,"Intan Setiawan Putri","intansetiawanputri@email.com"
401,"Joko Agung Hartono","jokoagunghartono@email.com"
402,"Eka Arya Permana","ekaaryapermana@email.com"
403,"Fajar Dewi Rahmawati","fajardewirahmawati@email.com"
404,"Eka Ramadhan Wulandari","ekaramadhanwulandari@email.com"
405,"Andi Ramadhany Aditya","andiramadhanyaditya@email.com"
406,"Intan Putri Rahmawati","intanputrirahmawati@email.com"
407,"Budi Agung Aditya","budiagungaditya@email.com"
408,"Intan Kusuma Kusumawardhani","intankusumakusumawardhani@email.com"
409,"Andi Aji Rahmawati","andiajirahmawati@email.com"
410,"Gita Permata Rahmawati","gitapermatarahmawati@email.com"
411,"Eka Setiawati Permana","ekasetiawatipermana@email.com"
412,"Andi Nur Saputra","andinursaputra@email.com"
413,"Gita Nur Saputra","gitanursaputra@email.com"
414,"Joko Ramadhan Saputra","jokoramadhansaputra@email.com"
415,"Intan Setiawan Aditya","intansetiawanaditya@email.com"
416,"Intan Nur Hartono","intannurhartono@email.com"
417,"Joko Setiawati Kusumawardhani","jokosetiawatikusumawardhani@email.com"
418,"Fajar Ramadhany Saputra","fajarramadhanysaputra@email.com"
419,"Gita Rani Setyaningsih","gitaranisetyaningsih@email.com"
420,"Dwi Ramadhany Supriyanto","dwiramadhanysupriyanto@email.com"
421,"Gita Setiawati Saputra","gitasetiawatisaputra@email.com"
422,"Gita Wulan Hartono","gitawulanhartono@email.com"
423,"Eka Nur Setyaningsih","ekanursetyaningsih@email.com"
424,"Budi Nur Setyaningsih","budinursetyaningsih@email.com"
425,"Dwi Saputra Supriyanto","dwisaputrasupriyanto@email.com"
426,"Budi Ramadhany Hartono","budiramadhanyhartono@email.com"
427,"Eka Arya Saputra","ekaaryasaputra@email.com"
428,"Dwi Aji Rahmawati","dwiajirahmawati@email.com"
429,"Fajar Putri Hartono","fajarputrihartono@email.com"
430,"Fajar Putri Putri","fajarputriputri@email.com"
431,"Hani Arya Supriyanto","haniaryasupriyanto@email.com"
432,"Dwi Kusuma Permana","dwikusumapermana@email.com"
433,"Citra Dewi Setyaningsih","citradewisetyaningsih@email.com"
434,"Citra Rani Kusumawardhani","citraranikusumawardhani@email.com"
435,"Dwi Arya Saputra","dwiaryasaputra@email.com"
436,"Joko Permata Permana","jokopermatapermana@email.com"
437,"Budi Setiawan Supriyanto","budisetiawansupriyanto@email.com"
438,"Eka Setiawan Supriyanto","ekasetiawansupriyanto@email.com"
439,"Andi Aji Putri","andiajiputri@email.com"
440,"Andi Agung Permana","andiagungpermana@email.com"
441,"Citra Setiawan Saputra","citrasetiawansaputra@email.com"
442,"Budi Rani Wulandari","budiraniwulandari@email.com"
443,"Andi Wulan Kusumawardhani","andiwulankusumawardhani@email.com"
444,"Fajar Ramadhan Setyaningsih","fajarramadhansetyaningsih@email.com"
445,"Citra Ramadhany Permana","citraramadhanypermana@email.com"
446,"Citra Kusuma Rahmawati","citrakusumarahmawati@email.com"
447,"Budi Putri Setyaningsih","budiputrisetyaningsih@email.com"
448,"Gita Permata Permana","gitapermatapermana@email.com"
449,"Intan Putri Wulandari","intanputriwulandari@email.com"
450,"Joko Saputra Putri","jokosaputraputri@email.com"
451,"Joko Rani Wulandari","jokoraniwulandari@email.com"
452,"Joko Setiawan Kusumawardhani","jokosetiawankusumawardhani@email.com"
453,"Andi Rani Permana","andiranipermana@email.com"
454,"Eka Saputra Wulandari","ekasaputrawulandari@email.com"
455,"Joko Putri Rahmawati","jokoputrirahmawati@email.com"
456,"Hani Permata Saputra","hanipermatasaputra@email.com"
457,"Fajar Kusuma Kusumawardhani","fajarkusumakusumawardhani@email.com"
458,"Budi Ramadhany Putri","budiramadhanyputri@email.com"
459,"Citra Setiawati Putri","citrasetiawatiputri@email.com"
460,"Gita Kusuma Putri","gitakusumaputri@email.com"
461,"Hani Wulan Permana","haniwulanpermana@email.com"
462,"Intan Saputra Aditya","intansaputraaditya@email.com"
463,"Andi Putri Kusumawardhani","andiputrikusumawardhani@email.com"
464,"Gita Saputra Supriyanto","gitasaputrasupriyanto@email.com"
465,"Citra Kusuma Kusumawardhani","citrakusumakusumawardhani@email.com"
466,"Andi Ramadhany Hartono","andiramadhanyhartono@email.com"
467,"Gita Setiawati Putri","gitasetiawatiputri@email.com"
468,"Fajar Setiawan Setyaningsih","fajarsetiawansetyaningsih@email.com"
469,"Eka Kusuma Hartono","ekakusumahartono@email.com"
470,"Intan Dewi Setyaningsih","intandewisetyaningsih@email.com"
471,"Joko Rani Permana","jokoranipermana@email.com"
472,"Citra Permata Hartono","citrapermatahartono@email.com"
473,"Joko Setiawati Saputra","jokosetiawatisaputra@email.com"
474,"Intan Rani Kusumawardhani","intanranikusumawardhani@email.com"
475,"Eka Permata Putri","ekapermataputri@email.com"
476,"Intan Setiawan Hartono","intansetiawanhartono@email.com"
477,"Joko Kusuma Kusumawardhani","jokokusumakusumawardhani@email.com"
478,"Joko Saputra Aditya","jokosaputraaditya@email.com"
479,"Intan Dewi Permana","intandewipermana@email.com"
480,"Hani Saputra Permana","hanisaputrapermana@email.com"
481,"Citra Saputra Setyaningsih","citrasaputrasetyaningsih@email.com"
482,"Citra Dewi Hartono","citradewihartono@email.com"
483,"Hani Wulan Saputra","haniwulansaputra@email.com"
484,"Budi Permata Permana","budipermatapermana@email.com"
485,"Intan Ramadhany Permana","intanramadhanypermana@email.com"
486,"Gita Rani Putri","gitaraniputri@email.com"
487,"Budi Agung Rahmawati","budiagungrahmawati@email.com"
488,"Budi Rani Kusumawardhani","budiranikusumawardhani@email.com"
489,"Gita Dewi Rahmawati","gitadewirahmawati@email.com"
490,"Citra Ramadhan Rahmawati","citraramadhanrahmawati@email.com"
491,"Hani Putri Putri","haniputriputri@email.com"
492,"Eka Setiawan Rahmawati","ekasetiawanrahmawati@email.com"
493,"Gita Dewi Putri","gitadewiputri@email.com"
494,"Gita Setiawati Hartono","gitasetiawatihartono@email.com"
495,"Fajar Saputra Putri","fajarsaputraputri@email.com"
496,"Gita Saputra Saputra","gitasaputrasaputra@email.com"
497,"Intan Agung Putri","intanagungputri@email.com"
498,"Budi Setiawan Kusumawardhani","budisetiawankusumawardhani@email.com"
499,"Hani Setiawati Aditya","hanisetiawatiaditya@email.com"
500,"Budi Kusuma Putri","budikusumaputri@email.com"
501,"Fajar Rani Hartono","fajarranihartono@email.com"
502,"Andi Kusuma Kusumawardhani","andikusumakusumawardhani@email.com"
503,"Hani Rani Wulandari","haniraniwulandari@email.com"
504,"Andi Saputra Saputra","andisaputrasaputra@email.com"
505,"Joko Saputra Permana","jokosaputrapermana@email.com"
506,"Intan Setiawati Setyaningsih","intansetiawatisetyaningsih@email.com"
507,"Joko Setiawati Setyaningsih","jokosetiawatisetyaningsih@email.com"
508,"Budi Agung Setyaningsih","budiagungsetyaningsih@email.com"
509,"Eka Ramadhany Aditya","ekaramadhanyaditya@email.com"
510,"Hani Setiawan Supriyanto","hanisetiawansupriyanto@email.com"
511,"Gita Wulan Putri","gitawulanputri@email.com"
512,"Eka Rani Supriyanto","ekaranisupriyanto@email.com"
513,"Intan Nur Putri","intannurputri@email.com"
514,"Intan Kusuma Permana","intankusumapermana@email.com"
515,"Intan Agung Rahmawati","intanagungrahmawati@email.com"
516,"Citra Agung Kusumawardhani","citraagungkusumawardhani@email.com"
517,"Citra Agung Saputra","citraagungsaputra@email.com"
518,"Fajar Rani Putri","fajarraniputri@email.com"
519,"Andi Dewi Saputra","andidewisaputra@email.com"
520,"Joko Putri Hartono","jokoputrihartono@email.com"
521,"Eka Setiawan Permana","ekasetiawanpermana@email.com"
522,"Joko Wulan Supriyanto","jokowulansupriyanto@email.com"
523,"Joko Nur Rahmawati","jokonurrahmawati@email.com"
524,"Andi Agung Aditya","andiagungaditya@email.com"
525,"Hani Setiawati Putri","hanisetiawatiputri@email.com"
526,"Citra Setiawati Hartono","citrasetiawatihartono@email.com"
527,"Citra Arya Saputra","citraaryasaputra@email.com"
528,"Dwi Dewi Setyaningsih","dwidewisetyaningsih@email.com"
529,"Budi Kusuma Saputra","budikusumasaputra@email.com"
530,"Intan Agung Saputra","intanagungsaputra@email.com"
531,"Citra Setiawan Hartono","citrasetiawanhartono@email.com"
532,"Dwi Saputra Saputra","dwisaputrasaputra@email.com"
533,"Joko Setiawati Supriyanto","jokosetiawatisupriyanto@email.com"
534,"Andi Rani Setyaningsih","andiranisetyaningsih@email.com"
535,"Gita Wulan Wulandari","gitawulanwulandari@email.com"
536,"Joko Ramadhany Putri","jokoramadhanyputri@email.com"
537,"Gita Aji Wulandari","gitaajiwulandari@email.com"
538,"Andi Arya Saputra","andiaryasaputra@email.com"
539,"Joko Aji Wulandari","jokoajiwulandari@email.com"
540,"Andi Kusuma Setyaningsih","andikusumasetyaningsih@email.com"
541,"Eka Aji Rahmawati","ekaajirahmawati@email.com"
542,"Fajar Setiawan Hartono","fajarsetiawanhartono@email.com"
543,"Andi Setiawan Hartono","andisetiawanhartono@email.com"
544,"Intan Kusuma Setyaningsih","intankusumasetyaningsih@email.com"
545,"Dwi Wulan Supriyanto","dwiwulansupriyanto@email.com"
546,"Dwi Ramadhan Setyaningsih","dwiramadhansetyaningsih@email.com"
547,"Budi Wulan Setyaningsih","budiwulansetyaningsih@email.com"
548,"Intan Ramadhan Permana","intanramadhanpermana@email.com"
549,"Dwi Aji Saputra","dwiajisaputra@email.com"
550,"Joko Arya Permana","jokoaryapermana@email.com"
551,"Hani Rani Permana","haniranipermana@email.com"
552,"Andi Setiawati Wulandari","andisetiawatiwulandari@email.com"
553,"Joko Ramadhany Kusumawardhani","jokoramadhanykusumawardhani@email.com"
554,"Citra Wulan Aditya","citrawulanaditya@email.com"
555,"Budi Saputra Saputra","budisaputrasaputra@email.com"
556,"Joko Kusuma Permana","jokokusumapermana@email.com"
557,"Andi Kusuma Aditya","andikusumaaditya@email.com"
558,"Joko Agung Rahmawati","jokoagungrahmawati@email.com"
559,"Joko Ramadhan Wulandari","jokoramadhanwulandari@email.com"
560,"Intan Permata Permana","intanpermatapermana@email.com"
561,"Hani Setiawati Hartono","hanisetiawatihartono@email.com"
562,"Joko Agung Aditya","jokoagungaditya@email.com"
563,"Fajar Setiawati Setyaningsih","fajarsetiawatisetyaningsih@email.com"
564,"Citra Dewi Putri","citradewiputri@email.com"
565,"Joko Nur Wulandari","jokonurwulandari@email.com"
566,"Gita Setiawan Supriyanto","gitasetiawansupriyanto@email.com"
567,"Budi Wulan Hartono","budiwulanhartono@email.com"
568,"Intan Ramadhany Rahmawati","intanramadhanyrahmawati@email.com"
569,"Fajar Nur Rahmawati","fajarnurrahmawati@email.com"
570,"Andi Dewi Putri","andidewiputri@email.com"
571,"Citra Putri Hartono","citraputrihartono@email.com"
572,"Citra Ramadhany Supriyanto","citraramadhanysupriyanto@email.com"
573,"Andi Arya Hartono","andiaryahartono@email.com"
574,"Intan Setiawan Setyaningsih","intansetiawansetyaningsih@email.com"
575,"Citra Arya Kusumawardhani","citraaryakusumawardhani@email.com"
576,"Eka Nur Aditya","ekanuraditya@email.com"
577,"Hani Wulan Supriyanto","haniwulansupriyanto@email.com"
578,"Andi Aji Aditya","andiajiaditya@email.com"
579,"Budi Dewi Saputra","budidewisaputra@email.com"
580,"Joko Dewi Rahmawati","jokodewirahmawati@email.com"
581,"Dwi Agung Wulandari","dwiagungwulandari@email.com"
582,"Hani Wulan Rahmawati","haniwulanrahmawati@email.com"
583,"Citra Ramadhan Hartono","citraramadhanhartono@email.com"
584,"Andi Ramadhany Supriyanto","andiramadhanysupriyanto@email.com"
585,"Fajar Kusuma Supriyanto","fajarkusumasupriyanto@email.com"
586,"Dwi Saputra Putri","dwisaputraputri@email.com"
587,"Hani Nur Hartono","haninurhartono@email.com"
588,"Intan Arya Wulandari","intanaryawulandari@email.com"
589,"Joko Ramadhany Setyaningsih","jokoramadhanysetyaningsih@email.com"
590,"Budi Setiawan Permana","budisetiawanpermana@email.com"
591,"Joko Putri Setyaningsih","jokoputrisetyaningsih@email.com"
592,"Gita Rani Permana","gitaranipermana@email.com"
593,"Intan Nur Permana","intannurpermana@email.com"
594,"Joko Ramadhan Kusumawardhani","jokoramadhankusumawardhani@email.com"
595,"Intan Setiawati Saputra","intansetiawatisaputra@email.com"
596,"Gita Aji Aditya","gitaajiaditya@email.com"
597,"Hani Rani Kusumawardhani","haniranikusumawardhani@email.com"
598,"Citra Saputra Aditya","citrasaputraaditya@email.com"
599,"Dwi Setiawan Aditya","dwisetiawanaditya@email.com"
600,"Gita Dewi Supriyanto","gitadewisupriyanto@email.com"
601,"Andi Aji Permana","andiajipermana@email.com"
602,"Dwi Permata Setyaningsih","dwipermatasetyaningsih@email.com"
603,"Budi Rani Setyaningsih","budiranisetyaningsih@email.com"
604,"Citra Saputra Hartono","citrasaputrahartono@email.com"
605,"Andi Putri Putri","andiputriputri@email.com"
606,"Hani Putri Wulandari","haniputriwulandari@email.com"
607,"Intan Saputra Wulandari","intansaputrawulandari@email.com"
608,"Budi Aji Aditya","budiajiaditya@email.com"
609,"Intan Rani Setyaningsih","intanranisetyaningsih@email.com"
610,"Joko Nur Permana","jokonurpermana@email.com"
611,"Eka Wulan Saputra","ekawulansaputra@email.com"
612,"Gita Setiawan Hartono","gitasetiawanhartono@email.com"
613,"Joko Putri Supriyanto","jokoputrisupriyanto@email.com"
614,"Gita Putri Wulandari","gitaputriwulandari@email.com"
615,"Gita Agung Kusumawardhani","gitaagungkusumawardhani@email.com"
616,"Eka Putri Hartono","ekaputrihartono@email.com"
617,"Citra Setiawan Aditya","citrasetiawanaditya@email.com"
618,"Joko Dewi Wulandari","jokodewiwulandari@email.com"
619,"Andi Putri Wulandari","andiputriwulandari@email.com"
620,"Budi Saputra Aditya","budisaputraaditya@email.com"
621,"Budi Setiawati Hartono","budisetiawatihartono@email.com"
622,"Hani Ramadhany Putri","haniramadhanyputri@email.com"
623,"Fajar Agung Permana","fajaragungpermana@email.com"
624,"Dwi Agung Hartono","dwiagunghartono@email.com"
625,"Dwi Wulan Setyaningsih","dwiwulansetyaningsih@email.com"
626,"Dwi Ramadhany Putri","dwiramadhanyputri@email.com"
627,"Intan Ramadhan Aditya","intanramadhanaditya@email.com"
628,"Hani Rani Hartono","haniranihartono@email.com"
629,"Gita Arya Rahmawati","gitaaryarahmawati@email.com"
630,"Andi Setiawan Permana","andisetiawanpermana@email.com"
631,"Budi Permata Saputra","budipermatasaputra@email.com"
632,"Intan Setiawan Wulandari","intansetiawanwulandari@email.com"
633,"Gita Kusuma Hartono","gitakusumahartono@email.com"
634,"Intan Saputra Supriyanto","intansaputrasupriyanto@email.com"
635,"Dwi Saputra Aditya","dwisaputraaditya@email.com"
636,"Joko Dewi Aditya","jokodewiaditya@email.com"
637,"Budi Putri Aditya","budiputriaditya@email.com"
638,"Citra Agung Setyaningsih","citraagungsetyaningsih@email.com"
639,"Dwi Aji Wulandari","dwiajiwulandari@email.com"
640,"Fajar Nur Putri","fajarnurputri@email.com"
641,"Hani Aji Supriyanto","haniajisupriyanto@email.com"
642,"Eka Putri Kusumawardhani","ekaputrikusumawardhani@email.com"
643,"Budi Aji Rahmawati","budiajirahmawati@email.com"
644,"Citra Nur Supriyanto","citranursupriyanto@email.com"
645,"Hani Setiawan Saputra","hanisetiawansaputra@email.com"
646,"Eka Kusuma Setyaningsih","ekakusumasetyaningsih@email.com"
647,"Hani Permata Supriyanto","hanipermatasupriyanto@email.com"
648,"Gita Aji Kusumawardhani","gitaajikusumawardhani@email.com"
649,"Andi Setiawati Rahmawati","andisetiawatirahmawati@email.com"
650,"Budi Ramadhan Permana","budiramadhanpermana@email.com"
651,"Gita Wulan Kusumawardhani","gitawulankusumawardhani@email.com"
652,"Eka Ramadhany Putri","ekaramadhanyputri@email.com"
653,"Gita Ramadhany Aditya","gitaramadhanyaditya@email.com"
654,"Fajar Dewi Hartono","fajardewihartono@email.com"
655,"Andi Wulan Setyaningsih","andiwulansetyaningsih@email.com"
656,"Budi Nur Supriyanto","budinursupriyanto@email.com"
657,"Intan Saputra Hartono","intansaputrahartono@email.com"
658,"Dwi Nur Aditya","dwinuraditya@email.com"
659,"Andi Permata Kusumawardhani","andipermatakusumawardhani@email.com"
660,"Gita Aji Rahmawati","gitaajirahmawati@email.com"
661,"Citra Ramadhany Wulandari","citraramadhanywulandari@email.com"
662,"Hani Kusuma Saputra","hanikusumasaputra@email.com"
663,"Andi Wulan Hartono","andiwulanhartono@email.com"
664,"Joko Aji Aditya","jokoajiaditya@email.com"
665,"Budi Ramadhan Wulandari","budiramadhanwulandari@email.com"
666,"Eka Setiawati Kusumawardhani","ekasetiawatikusumawardhani@email.com"
667,"Budi Nur Permana","budinurpermana@email.com"
668,"Dwi Saputra Permana","dwisaputrapermana@email.com"
669,"Citra Putri Setyaningsih","citraputrisetyaningsih@email.com"
670,"Budi Putri Hartono","budiputrihartono@email.com"
671,"Gita Setiawati Kusumawardhani","gitasetiawatikusumawardhani@email.com"
672,"Dwi Arya Putri","dwiaryaputri@email.com"
673,"Gita Dewi Saputra","gitadewisaputra@email.com"
674,"Hani Ramadhan Aditya","haniramadhanaditya@email.com"
675,"Intan Saputra Permana","intansaputrapermana@email.com"
676,"Joko Dewi Kusumawardhani","jokodewikusumawardhani@email.com"
677,"Intan Nur Kusumawardhani","intannurkusumawardhani@email.com"
678,"Andi Setiawan Setyaningsih","andisetiawansetyaningsih@email.com"
679,"Dwi Rani Kusumawardhani","dwiranikusumawardhani@email.com"
680,"Citra Aji Putri","citraajiputri@email.com"
681,"Fajar Ramadhan Permana","fajarramadhanpermana@email.com"
682,"Budi Ramadhan Hartono","budiramadhanhartono@email.com"
683,"Gita Kusuma Permana","gitakusumapermana@email.com"
684,"Citra Dewi Aditya","citradewiaditya@email.com"
685,"Dwi Agung Kusumawardhani","dwiagungkusumawardhani@email.com"
686,"Hani Rani Saputra","haniranisaputra@email.com"
687,"Hani Dewi Aditya","hanidewiaditya@email.com"
688,"Hani Wulan Hartono","haniwulanhartono@email.com"
689,"Fajar Ramadhany Permana","fajarramadhanypermana@email.com"
690,"Andi Permata Setyaningsih","andipermatasetyaningsih@email.com"
691,"Intan Kusuma Putri","intankusumaputri@email.com"
692,"Eka Ramadhany Rahmawati","ekaramadhanyrahmawati@email.com"
693,"Citra Nur Setyaningsih","citranursetyaningsih@email.com"
694,"Intan Aji Rahmawati","intanajirahmawati@email.com"
695,"Gita Aji Permana","gitaajipermana@email.com"
696,"Gita Setiawan Wulandari","gitasetiawanwulandari@email.com"
697,"Hani Ramadhany Saputra","haniramadhanysaputra@email.com"
698,"Hani Permata Putri","hanipermataputri@email.com"
699,"Citra Nur Hartono","citranurhartono@email.com"
700,"Dwi Arya Rahmawati","dwiaryarahmawati@email.com"
701,"Hani Aji Permana","haniajipermana@email.com"
702,"Eka Rani Permana","ekaranipermana@email.com"
703,"Intan Putri Supriyanto","intanputrisupriyanto@email.com"
704,"Intan Ramadhany Kusumawardhani","intanramadhanykusumawardhani@email.com"
705,"Gita Agung Rahmawati","gitaagungrahmawati@email.com"
706,"Budi Putri Supriyanto","budiputrisupriyanto@email.com"
707,"Eka Agung Putri","ekaagungputri@email.com"
708,"Dwi Arya Setyaningsih","dwiaryasetyaningsih@email.com"
709,"Joko Wulan Permana","jokowulanpermana@email.com"
710,"Joko Wulan Rahmawati","jokowulanrahmawati@email.com"
711,"Fajar Nur Supriyanto","fajarnursupriyanto@email.com"
712,"Eka Setiawan Hartono","ekasetiawanhartono@email.com"
713,"Eka Permata Supriyanto","ekapermatasupriyanto@email.com"
714,"Citra Setiawati Permana","citrasetiawatipermana@email.com"
715,"Joko Dewi Permana","jokodewipermana@email.com"
716,"Andi Ramadhany Permana","andiramadhanypermana@email.com"
717,"Budi Agung Kusumawardhani","budiagungkusumawardhani@email.com"
718,"Budi Setiawati Saputra","budisetiawatisaputra@email.com"
719,"Hani Agung Rahmawati","haniagungrahmawati@email.com"
720,"Dwi Wulan Rahmawati","dwiwulanrahmawati@email.com"
721,"Andi Wulan Rahmawati","andiwulanrahmawati@email.com"
722,"Fajar Setiawan Supriyanto","fajarsetiawansupriyanto@email.com"
723,"Intan Permata Setyaningsih","intanpermatasetyaningsih@email.com"
724,"Eka Wulan Kusumawardhani","ekawulankusumawardhani@email.com"
725,"Eka Saputra Saputra","ekasaputrasaputra@email.com"
726,"Joko Wulan Hartono","jokowulanhartono@email.com"
727,"Hani Ramadhan Saputra","haniramadhansaputra@email.com"
728,"Eka Setiawati Saputra","ekasetiawatisaputra@email.com"
729,"Citra Agung Wulandari","citraagungwulandari@email.com"
730,"Citra Ramadhan Kusumawardhani","citraramadhankusumawardhani@email.com"
731,"Citra Putri Putri","citraputriputri@email.com"
732,"Joko Agung Wulandari","jokoagungwulandari@email.com"
733,"Fajar Rani Supriyanto","fajarranisupriyanto@email.com"
734,"Intan Aji Wulandari","intanajiwulandari@email.com"
735,"Dwi Putri Permana","dwiputripermana@email.com"
736,"Hani Setiawan Putri","hanisetiawanputri@email.com"
737,"Joko Putri Kusumawardhani","jokoputrikusumawardhani@email.com"
738,"Budi Kusuma Hartono","budikusumahartono@email.com"
739,"Intan Putri Setyaningsih","intanputrisetyaningsih@email.com"
740,"Fajar Setiawati Saputra","fajarsetiawatisaputra@email.com"
741,"Hani Ramadhany Wulandari","haniramadhanywulandari@email.com"
742,"Andi Setiawan Putri","andisetiawanputri@email.com"
743,"Intan Setiawati Hartono","intansetiawatihartono@email.com"
744,"Budi Saputra Rahmawati","budisaputrarahmawati@email.com"
745,"Gita Nur Rahmawati","gitanurrahmawati@email.com"
746,"Eka Wulan Setyaningsih","ekawulansetyaningsih@email.com"
747,"Hani Arya Wulandari","haniaryawulandari@email.com"
748,"Joko Permata Kusumawardhani","jokopermatakusumawardhani@email.com"
749,"Citra Saputra Kusumawardhani","citrasaputrakusumawardhani@email.com"
750,"Dwi Kusuma Hartono","dwikusumahartono@email.com"
751,"Gita Kusuma Rahmawati","gitakusumarahmawati@email.com"
752,"Hani Putri Supriyanto","haniputrisupriyanto@email.com"
753,"Intan Wulan Putri","intanwulanputri@email.com"
754,"Budi Setiawati Setyaningsih","budisetiawatisetyaningsih@email.com"
755,"Budi Kusuma Wulandari","budikusumawulandari@email.com"
756,"Fajar Agung Kusumawardhani","fajaragungkusumawardhani@email.com"
757,"Budi Ramadhan Putri","budiramadhanputri@email.com"
758,"Joko Arya Saputra","jokoaryasaputra@email.com"
759,"Eka Dewi Aditya","ekadewiaditya@email.com"
760,"Hani Permata Permana","hanipermatapermana@email.com"
761,"Hani Ramadhan Permana","haniramadhanpermana@email.com"
762,"Citra Kusuma Permana","citrakusumapermana@email.com"
763,"Hani Aji Setyaningsih","haniajisetyaningsih@email.com"
764,"Dwi Dewi Aditya","dwidewiaditya@email.com"
765,"Hani Permata Rahmawati","hanipermatarahmawati@email.com"
766,"Joko Ramadhany Hartono","jokoramadhanyhartono@email.com"
767,"Budi Ramadhany Wulandari","budiramadhanywulandari@email.com"
768,"Fajar Setiawan Rahmawati","fajarsetiawanrahmawati@email.com"
769,"Citra Putri Aditya","citraputriaditya@email.com"
770,"Dwi Permata Supriyanto","dwipermatasupriyanto@email.com"
771,"Intan Kusuma Rahmawati","intankusumarahmawati@email.com"
772,"Citra Agung Hartono","citraagunghartono@email.com"
773,"Gita Agung Setyaningsih","gitaagungsetyaningsih@email.com"
774,"Joko Agung Permana","jokoagungpermana@email.com"
775,"Dwi Putri Saputra","dwiputrisaputra@email.com"
776,"Budi Arya Aditya","budiaryaaditya@email.com"
777,"Dwi Setiawan Permana","dwisetiawanpermana@email.com"
778,"Citra Nur Wulandari","citranurwulandari@email.com"
779,"Eka Dewi Saputra","ekadewisaputra@email.com"
780,"Citra Ramadhany Aditya","citraramadhanyaditya@email.com"
781,"Budi Permata Putri","budipermataputri@email.com"
782,"Gita Kusuma Wulandari","gitakusumawulandari@email.com"
783,"Intan Saputra Rahmawati","intansaputrarahmawati@email.com"
784,"Citra Dewi Rahmawati","citradewirahmawati@email.com"
785,"Fajar Saputra Aditya","fajarsaputraaditya@email.com"
786,"Joko Kusuma Saputra","jokokusumasaputra@email.com"
787,"Andi Permata Putri","andipermataputri@email.com"
788,"Dwi Wulan Permana","dwiwulanpermana@email.com"
789,"Gita Ramadhany Supriyanto","gitaramadhanysupriyanto@email.com"
790,"Intan Ramadhan Rahmawati","intanramadhanrahmawati@email.com"
791,"Fajar Wulan Putri","fajarwulanputri@email.com"
792,"Joko Rani Hartono","jokoranihartono@email.com"
793,"Andi Saputra Aditya","andisaputraaditya@email.com"
794,"Hani Aji Kusumawardhani","haniajikusumawardhani@email.com"
795,"Fajar Setiawan Kusumawardhani","fajarsetiawankusumawardhani@email.com"
796,"Eka Ramadhany Permana","ekaramadhanypermana@email.com"
797,"Andi Setiawati Setyaningsih","andisetiawatisetyaningsih@email.com"
798,"Eka Ramadhany Wulandari","ekaramadhanywulandari@email.com"
799,"Fajar Setiawati Supriyanto","fajarsetiawatisupriyanto@email.com"
800,"Eka Dewi Hartono","ekadewihartono@email.com"
801,"Eka Arya Hartono","ekaaryahartono@email.com"
802,"Joko Arya Wulandari","jokoaryawulandari@email.com"
803,"Hani Nur Saputra","haninursaputra@email.com"
804,"Budi Permata Hartono","budipermatahartono@email.com"
805,"Gita Saputra Kusumawardhani","gitasaputrakusumawardhani@email.com"
806,"Andi Saputra Putri","andisaputraputri@email.com"
807,"Fajar Dewi Permana","fajardewipermana@email.com"
808,"Joko Setiawati Wulandari","jokosetiawatiwulandari@email.com"
809,"Intan Wulan Rahmawati","intanwulanrahmawati@email.com"
810,"Hani Setiawan Aditya","hanisetiawanaditya@email.com"
811,"Hani Saputra Hartono","hanisaputrahartono@email.com"
812,"Dwi Arya Supriyanto","dwiaryasupriyanto@email.com"
813,"Eka Setiawati Supriyanto","ekasetiawatisupriyanto@email.com"
814,"Intan Setiawati Permana","intansetiawatipermana@email.com"
815,"Joko Kusuma Rahmawati","jokokusumarahmawati@email.com"
816,"Andi Agung Supriyanto","andiagungsupriyanto@email.com"
817,"Eka Agung Saputra","ekaagungsaputra@email.com"
818,"Joko Kusuma Setyaningsih","jokokusumasetyaningsih@email.com"
819,"Intan Agung Hartono","intanagunghartono@email.com"
820,"Eka Saputra Supriyanto","ekasaputrasupriyanto@email.com"
821,"Eka Ramadhany Hartono","ekaramadhanyhartono@email.com"
822,"Andi Saputra Setyaningsih","andisaputrasetyaningsih@email.com"
823,"Eka Setiawan Kusumawardhani","ekasetiawankusumawardhani@email.com"
824,"Andi Kusuma Wulandari","andikusumawulandari@email.com"
825,"Budi Rani Putri","budiraniputri@email.com"
826,"Citra Kusuma Wulandari","citrakusumawulandari@email.com"
827,"Dwi Ramadhan Supriyanto","dwiramadhansupriyanto@email.com"
828,"Fajar Wulan Aditya","fajarwulanaditya@email.com"
829,"Gita Saputra Permana","gitasaputrapermana@email.com"
830,"Budi Dewi Wulandari","budidewiwulandari@email.com"
831,"Hani Ramadhan Setyaningsih","haniramadhansetyaningsih@email.com"
832,"Intan Wulan Supriyanto","intanwulansupriyanto@email.com"
833,"Fajar Rani Permana","fajarranipermana@email.com"
834,"Intan Nur Rahmawati","intannurrahmawati@email.com"
835,"Eka Dewi Wulandari","ekadewiwulandari@email.com"
836,"Andi Permata Rahmawati","andipermatarahmawati@email.com"
837,"Gita Saputra Wulandari","gitasaputrawulandari@email.com"
838,"Fajar Kusuma Permana","fajarkusumapermana@email.com"
839,"Intan Arya Supriyanto","intanaryasupriyanto@email.com"
840,"Budi Permata Wulandari","budipermatawulandari@email.com"
841,"Fajar Saputra Rahmawati","fajarsaputrarahmawati@email.com"
842,"Hani Wulan Putri","haniwulanputri@email.com"
843,"Joko Aji Saputra","jokoajisaputra@email.com"
844,"Gita Ramadhan Saputra","gitaramadhansaputra@email.com"
845,"Budi Aji Permana","budiajipermana@email.com"
846,"Intan Ramadhan Kusumawardhani","intanramadhankusumawardhani@email.com"
847,"Fajar Permata Permana","fajarpermatapermana@email.com"
848,"Fajar Permata Aditya","fajarpermataaditya@email.com"
849,"Citra Rani Rahmawati","citraranirahmawati@email.com"
850,"Gita Dewi Aditya","gitadewiaditya@email.com"
851,"Fajar Nur Kusumawardhani","fajarnurkusumawardhani@email.com"
852,"Dwi Arya Permana","dwiaryapermana@email.com"
853,"Hani Ramadhany Hartono","haniramadhanyhartono@email.com"
854,"Eka Agung Setyaningsih","ekaagungsetyaningsih@email.com"
855,"Fajar Wulan Wulandari","fajarwulanwulandari@email.com"
856,"Eka Rani Putri","ekaraniputri@email.com"
857,"Budi Kusuma Rahmawati","budikusumarahmawati@email.com"
858,"Eka Aji Setyaningsih","ekaajisetyaningsih@email.com"
859,"Joko Dewi Setyaningsih","jokodewisetyaningsih@email.com"
860,"Citra Arya Rahmawati","citraaryarahmawati@email.com"
861,"Budi Wulan Wulandari","budiwulanwulandari@email.com"
862,"Eka Setiawati Hartono","ekasetiawatihartono@email.com"
863,"Andi Permata Wulandari","andipermatawulandari@email.com"
864,"Joko Ramadhan Permana","jokoramadhanpermana@email.com"
865,"Budi Wulan Saputra","budiwulansaputra@email.com"
866,"Citra Rani Permana","citraranipermana@email.com"
867,"Eka Agung Aditya","ekaagungaditya@email.com"
868,"Hani Kusuma Putri","hanikusumaputri@email.com"
869,"Intan Arya Rahmawati","intanaryarahmawati@email.com"
870,"Dwi Permata Rahmawati","dwipermatarahmawati@email.com"
871,"Joko Setiawati Hartono","jokosetiawatihartono@email.com"
872,"Fajar Arya Kusumawardhani","fajararyakusumawardhani@email.com"
873,"Hani Dewi Hartono","hanidewihartono@email.com"
874,"Hani Ramadhan Putri","haniramadhanputri@email.com"
875,"Hani Setiawan Rahmawati","hanisetiawanrahmawati@email.com"
876,"Joko Permata Saputra","jokopermatasaputra@email.com"
877,"Gita Agung Saputra","gitaagungsaputra@email.com"
878,"Intan Putri Saputra","intanputrisaputra@email.com"
879,"Fajar Putri Kusumawardhani","fajarputrikusumawardhani@email.com"
880,"Eka Permata Hartono","ekapermatahartono@email.com"
881,"Gita Aji Setyaningsih","gitaajisetyaningsih@email.com"
882,"Intan Permata Rahmawati","intanpermatarahmawati@email.com"
883,"Joko Dewi Putri","jokodewiputri@email.com"
884,"Andi Setiawan Wulandari","andisetiawanwulandari@email.com"
885,"Gita Permata Wulandari","gitapermatawulandari@email.com"
886,"Fajar Ramadhany Hartono","fajarramadhanyhartono@email.com"
887,"Gita Permata Kusumawardhani","gitapermatakusumawardhani@email.com"
888,"Eka Arya Setyaningsih","ekaaryasetyaningsih@email.com"
889,"Andi Ramadhan Permana","andiramadhanpermana@email.com"
890,"Citra Kusuma Supriyanto","citrakusumasupriyanto@email.com"
891,"Gita Setiawati Rahmawati","gitasetiawatirahmawati@email.com"
892,"Hani Arya Rahmawati","haniaryarahmawati@email.com"
893,"Andi Permata Hartono","andipermatahartono@email.com"
894,"Joko Nur Supriyanto","jokonursupriyanto@email.com"
895,"Budi Rani Permana","budiranipermana@email.com"
896,"Hani Arya Hartono","haniaryahartono@email.com"
897,"Hani Kusuma Supriyanto","hanikusumasupriyanto@email.com"
898,"Citra Permata Setyaningsih","citrapermatasetyaningsih@email.com"
899,"Citra Kusuma Saputra","citrakusumasaputra@email.com"
900,"Andi Ramadhany Putri","andiramadhanyputri@email.com"
901,"Budi Dewi Aditya","budidewiaditya@email.com"
902,"Andi Saputra Kusumawardhani","andisaputrakusumawardhani@email.com"
903,"Joko Wulan Setyaningsih","jokowulansetyaningsih@email.com"
904,"Hani Kusuma Kusumawardhani","hanikusumakusumawardhani@email.com"
905,"Joko Permata Wulandari","jokopermatawulandari@email.com"
906,"Andi Agung Rahmawati","andiagungrahmawati@email.com"
907,"Fajar Saputra Setyaningsih","fajarsaputrasetyaningsih@email.com"
908,"Andi Putri Supriyanto","andiputrisupriyanto@email.com"
909,"Eka Setiawati Wulandari","ekasetiawatiwulandari@email.com"
910,"Gita Arya Setyaningsih","gitaaryasetyaningsih@email.com"
911,"Andi Putri Aditya","andiputriaditya@email.com"
912,"Intan Setiawati Supriyanto","intansetiawatisupriyanto@email.com"
913,"Dwi Setiawan Kusumawardhani","dwisetiawankusumawardhani@email.com"
914,"Gita Nur Wulandari","gitanurwulandari@email.com"
915,"Dwi Agung Aditya","dwiagungaditya@email.com"
916,"Gita Ramadhany Wulandari","gitaramadhanywulandari@email.com"
917,"Fajar Ramadhan Kusumawardhani","fajarramadhankusumawardhani@email.com"
918,"Dwi Setiawati Wulandari","dwisetiawatiwulandari@email.com"
919,"Joko Nur Putri","jokonurputri@email.com"
920,"Budi Setiawan Putri","budisetiawanputri@email.com"
921,"Eka Ramadhan Putri","ekaramadhanputri@email.com"
922,"Fajar Ramadhany Kusumawardhani","fajarramadhanykusumawardhani@email.com"
923,"Intan Putri Putri","intanputriputri@email.com"
924,"Hani Setiawati Permana","hanisetiawatipermana@email.com"
925,"Citra Arya Aditya","citraaryaaditya@email.com"
926,"Eka Ramadhany Kusumawardhani","ekaramadhanykusumawardhani@email.com"
927,"Budi Dewi Putri","budidewiputri@email.com"
928,"Gita Ramadhan Permana","gitaramadhanpermana@email.com"
929,"Dwi Ramadhan Permana","dwiramadhanpermana@email.com"
930,"Gita Setiawan Permana","gitasetiawanpermana@email.com"
931,"Andi Nur Putri","andinurputri@email.com"
932,"Intan Setiawati Rahmawati","intansetiawatirahmawati@email.com"
933,"Fajar Permata Setyaningsih","fajarpermatasetyaningsih@email.com"
934,"Andi Aji Hartono","andiajihartono@email.com"
935,"Dwi Rani Wulandari","dwiraniwulandari@email.com"
936,"Citra Permata Rahmawati","citrapermatarahmawati@email.com"
937,"Fajar Saputra Saputra","fajarsaputrasaputra@email.com"
938,"Budi Wulan Rahmawati","budiwulanrahmawati@email.com"
939,"Dwi Ramadhany Hartono","dwiramadhanyhartono@email.com"
940,"Hani Aji Hartono","haniajihartono@email.com"
941,"Andi Rani Saputra","andiranisaputra@email.com"
942,"Citra Wulan Rahmawati","citrawulanrahmawati@email.com"
943,"Citra Agung Supriyanto","citraagungsupriyanto@email.com"
944,"Citra Setiawati Rahmawati","citrasetiawatirahmawati@email.com"
945,"Eka Saputra Rahmawati","ekasaputrarahmawati@email.com"
946,"Citra Dewi Wulandari","citradewiwulandari@email.com"
947,"Joko Putri Saputra","jokoputrisaputra@email.com"
948,"Fajar Agung Putri","fajaragungputri@email.com"
949,"Citra Rani Hartono","citraranihartono@email.com"
950,"Andi Ramadhan Kusumawardhani","andiramadhankusumawardhani@email.com"
951,"Intan Wulan Wulandari","intanwulanwulandari@email.com"
952,"Intan Aji Permana","intanajipermana@email.com"
953,"Joko Arya Hartono","jokoaryahartono@email.com"
954,"Budi Putri Putri","budiputriputri@email.com"
955,"Citra Dewi Saputra","citradewisaputra@email.com"
956,"Joko Ramadhany Aditya","jokoramadhanyaditya@email.com"
957,"Intan Agung Setyaningsih","intanagungsetyaningsih@email.com"
958,"Intan Ramadhan Hartono","intanramadhanhartono@email.com"
959,"Gita Kusuma Aditya","gitakusumaaditya@email.com"
960,"Dwi Nur Rahmawati","dwinurrahmawati@email.com"
961,"Gita Rani Wulandari","gitaraniwulandari@email.com"
962,"Dwi Setiawati Saputra","dwisetiawatisaputra@email.com"
963,"Gita Aji Saputra","gitaajisaputra@email.com"
964,"Citra Permata Kusumawardhani","citrapermatakusumawardhani@email.com"
965,"Intan Nur Setyaningsih","intannursetyaningsih@email.com"
966,"Fajar Dewi Supriyanto","fajardewisupriyanto@email.com"
967,"Budi Permata Setyaningsih","budipermatasetyaningsih@email.com"
968,"Andi Wulan Wulandari","andiwulanwulandari@email.com"
969,"Fajar Saputra Hartono","fajarsaputrahartono@email.com"
970,"Andi Putri Saputra","andiputrisaputra@email.com"
971,"Eka Kusuma Wulandari","ekakusumawulandari@email.com"
972,"Fajar Nur Saputra","fajarnursaputra@email.com"
973,"Citra Wulan Saputra","citrawulansaputra@email.com"
974,"Hani Arya Aditya","haniaryaaditya@email.com"
975,"Budi Permata Aditya","budipermataaditya@email.com"
976,"Andi Rani Putri","andiraniputri@email.com"
977,"Joko Saputra Kusumawardhani","jokosaputrakusumawardhani@email.com"
978,"Hani Aji Aditya","haniajiaditya@email.com"
979,"Hani Putri Hartono","haniputrihartono@email.com"
980,"Hani Setiawati Kusumawardhani","hanisetiawatikusumawardhani@email.com"
981,"Budi Putri Kusumawardhani","budiputrikusumawardhani@email.com"
982,"Gita Putri Putri","gitaputriputri@email.com"
983,"Joko Putri Putri","jokoputriputri@email.com"
984,"Eka Nur Rahmawati","ekanurrahmawati@email.com"
985,"Citra Setiawati Kusumawardhani","citrasetiawatikusumawardhani@email.com"
986,"Eka Kusuma Rahmawati","ekakusumarahmawati@email.com"
987,"Fajar Wulan Setyaningsih","fajarwulansetyaningsih@email.com"
988,"Gita Setiawan Aditya","gitasetiawanaditya@email.com"
989,"Dwi Rani Saputra","dwiranisaputra@email.com"
990,"Gita Aji Hartono","gitaajihartono@email.com"
991,"Budi Saputra Kusumawardhani","budisaputrakusumawardhani@email.com"
992,"Intan Aji Saputra","intanajisaputra@email.com"
993,"Hani Kusuma Aditya","hanikusumaaditya@email.com"
994,"Andi Setiawati Putri","andisetiawatiputri@email.com"
995,"Gita Wulan Rahmawati","gitawulanrahmawati@email.com"
996,"Dwi Putri Putri","dwiputriputri@email.com"
997,"Gita Nur Putri","gitanurputri@email.com"
998,"Dwi Putri Setyaningsih","dwiputrisetyaningsih@email.com"
999,"Citra Agung Aditya","citraagungaditya@email.com"
1000,"Intan Setiawan Rahmawati","intansetiawanrahmawati@email.com"
1001,"Hani Wulan Setyaningsih","haniwulansetyaningsih@email.com"
1002,"Hani Nur Permana","haninurpermana@email.com"
1003,"Citra Saputra Putri","citrasaputraputri@email.com"
1004,"Eka Putri Setyaningsih","ekaputrisetyaningsih@email.com"
1005,"Dwi Saputra Hartono","dwisaputrahartono@email.com"
1006,"Hani Saputra Rahmawati","hanisaputrarahmawati@email.com"
1007,"Gita Permata Aditya","gitapermataaditya@email.com"
1008,"Andi Wulan Permana","andiwulanpermana@email.com"
1009,"Eka Putri Permana","ekaputripermana@email.com"
1010,"Citra Permata Supriyanto","citrapermatasupriyanto@email.com"
1011,"Hani Nur Supriyanto","haninursupriyanto@email.com"
1012,"Eka Rani Rahmawati","ekaranirahmawati@email.com"
1013,"Eka Wulan Aditya","ekawulanaditya@email.com"
1014,"Fajar Agung Supriyanto","fajaragungsupriyanto@email.com"
1015,"Hani Saputra Wulandari","hanisaputrawulandari@email.com"
1016,"Citra Nur Aditya","citranuraditya@email.com"
1017,"Eka Setiawan Saputra","ekasetiawansaputra@email.com"
1018,"Hani Nur Putri","haninurputri@email.com"
1019,"Dwi Wulan Putri","dwiwulanputri@email.com"
1020,"Hani Permata Kusumawardhani","hanipermatakusumawardhani@email.com"
1021,"Budi Arya Kusumawardhani","budiaryakusumawardhani@email.com"
1022,"Budi Setiawati Permana","budisetiawatipermana@email.com"
1023,"Eka Setiawati Putri","ekasetiawatiputri@email.com"
1024,"Andi Arya Rahmawati","andiaryarahmawati@email.com"
1025,"Intan Kusuma Wulandari","intankusumawulandari@email.com"
1026,"Fajar Kusuma Aditya","fajarkusumaaditya@email.com"
1027,"Intan Aji Kusumawardhani","intanajikusumawardhani@email.com"
1028,"Budi Dewi Supriyanto","budidewisupriyanto@email.com"
1029,"Eka Nur Saputra","ekanursaputra@email.com"
1030,"Eka Dewi Rahmawati","ekadewirahmawati@email.com"
1031,"Gita Putri Setyaningsih","gitaputrisetyaningsih@email.com"
1032,"Citra Ramadhan Permana","citraramadhanpermana@email.com"
1033,"Hani Nur Setyaningsih","haninursetyaningsih@email.com"
1034,"Intan Nur Wulandari","intannurwulandari@email.com"
1035,"Eka Putri Rahmawati","ekaputrirahmawati@email.com"
1036,"Hani Rani Rahmawati","haniranirahmawati@email.com"
1037,"Fajar Nur Aditya","fajarnuraditya@email.com"
1038,"Eka Agung Permana","ekaagungpermana@email.com"
1039,"Joko Rani Kusumawardhani","jokoranikusumawardhani@email.com"
1040,"Andi Rani Wulandari","andiraniwulandari@email.com"
1041,"Joko Kusuma Hartono","jokokusumahartono@email.com"
1042,"Eka Permata Setyaningsih","ekapermatasetyaningsih@email.com"
1043,"Fajar Ramadhany Rahmawati","fajarramadhanyrahmawati@email.com"
1044,"Fajar Ramadhany Wulandari","fajarramadhanywulandari@email.com"
1045,"Gita Permata Hartono","gitapermatahartono@email.com"
1046,"Joko Setiawati Putri","jokosetiawatiputri@email.com"
1047,"Gita Setiawan Putri","gitasetiawanputri@email.com"
1048,"Budi Aji Kusumawardhani","budiajikusumawardhani@email.com"
1049,"Intan Arya Kusumawardhani","intanaryakusumawardhani@email.com"
1050,"Joko Agung Supriyanto","jokoagungsupriyanto@email.com"
1051,"Citra Nur Kusumawardhani","citranurkusumawardhani@email.com"
1052,"Gita Aji Supriyanto","gitaajisupriyanto@email.com"
1053,"Fajar Nur Hartono","fajarnurhartono@email.com"
1054,"Gita Ramadhany Putri","gitaramadhanyputri@email.com"
1055,"Joko Wulan Kusumawardhani","jokowulankusumawardhani@email.com"
1056,"Eka Ramadhan Setyaningsih","ekaramadhansetyaningsih@email.com"
1057,"Joko Nur Setyaningsih","jokonursetyaningsih@email.com"
1058,"Budi Saputra Supriyanto","budisaputrasupriyanto@email.com"
1059,"Joko Saputra Saputra","jokosaputrasaputra@email.com"
1060,"Joko Arya Rahmawati","jokoaryarahmawati@email.com"
1061,"Fajar Nur Setyaningsih","fajarnursetyaningsih@email.com"
1062,"Intan Wulan Setyaningsih","intanwulansetyaningsih@email.com"
1063,"Fajar Arya Saputra","fajararyasaputra@email.com"
1064,"Fajar Arya Rahmawati","fajararyarahmawati@email.com"
1065,"Dwi Setiawan Rahmawati","dwisetiawanrahmawati@email.com"
1066,"Joko Agung Kusumawardhani","jokoagungkusumawardhani@email.com"
1067,"Hani Ramadhany Rahmawati","haniramadhanyrahmawati@email.com"
1068,"Budi Setiawan Saputra","budisetiawansaputra@email.com"
1069,"Andi Rani Supriyanto","andiranisupriyanto@email.com"
1070,"Citra Kusuma Hartono","citrakusumahartono@email.com"
1071,"Citra Ramadhany Rahmawati","citraramadhanyrahmawati@email.com"
1072,"Budi Arya Hartono","budiaryahartono@email.com"
1073,"Fajar Setiawan Aditya","fajarsetiawanaditya@email.com"
1074,"Gita Nur Kusumawardhani","gitanurkusumawardhani@email.com"
1075,"Eka Rani Saputra","ekaranisaputra@email.com"
1076,"Budi Aji Putri","budiajiputri@email.com"
1077,"Fajar Dewi Saputra","fajardewisaputra@email.com"
1078,"Citra Kusuma Setyaningsih","citrakusumasetyaningsih@email.com"
1079,"Fajar Arya Supriyanto","fajararyasupriyanto@email.com"
1080,"Andi Kusuma Putri","andikusumaputri@email.com"
1081,"Hani Kusuma Wulandari","hanikusumawulandari@email.com"
1082,"Dwi Ramadhany Setyaningsih","dwiramadhanysetyaningsih@email.com"
1083,"Budi Aji Saputra","budiajisaputra@email.com"
1084,"Andi Setiawan Kusumawardhani","andisetiawankusumawardhani@email.com"
1085,"Dwi Ramadhan Rahmawati","dwiramadhanrahmawati@email.com"
1086,"Dwi Arya Hartono","dwiaryahartono@email.com"
1087,"Eka Aji Saputra","ekaajisaputra@email.com"
1088,"Eka Nur Supriyanto","ekanursupriyanto@email.com"
1089,"Intan Wulan Hartono","intanwulanhartono@email.com"
1090,"Andi Aji Wulandari","andiajiwulandari@email.com"
1091,"Joko Wulan Putri","jokowulanputri@email.com"
1092,"Gita Putri Saputra","gitaputrisaputra@email.com"
1093,"Budi Rani Hartono","budiranihartono@email.com"
1094,"Citra Putri Supriyanto","citraputrisupriyanto@email.com"
1095,"Fajar Wulan Rahmawati","fajarwulanrahmawati@email.com"
1096,"Joko Saputra Hartono","jokosaputrahartono@email.com"
1097,"Gita Agung Aditya","gitaagungaditya@email.com"
1098,"Hani Setiawan Permana","hanisetiawanpermana@email.com"
1099,"Joko Putri Wulandari","jokoputriwulandari@email.com"
1100,"Eka Putri Putri","ekaputriputri@email.com"
1101,"Citra Putri Saputra","citraputrisaputra@email.com"
1102,"Intan Arya Saputra","intanaryasaputra@email.com"
1103,"Hani Permata Aditya","hanipermataaditya@email.com"
1104,"Citra Wulan Supriyanto","citrawulansupriyanto@email.com"
1105,"Intan Ramadhan Supriyanto","intanramadhansupriyanto@email.com"
1106,"Hani Rani Setyaningsih","haniranisetyaningsih@email.com"
1107,"Andi Saputra Wulandari","andisaputrawulandari@email.com"
1108,"Dwi Nur Putri","dwinurputri@email.com"
1109,"Intan Agung Kusumawardhani","intanagungkusumawardhani@email.com"
1110,"Dwi Wulan Wulandari","dwiwulanwulandari@email.com"
1111,"Gita Rani Aditya","gitaraniaditya@email.com"
1112,"Hani Putri Aditya","haniputriaditya@email.com"
1113,"Fajar Arya Wulandari","fajararyawulandari@email.com"
1114,"Intan Rani Saputra","intanranisaputra@email.com"
1115,"Andi Dewi Wulandari","andidewiwulandari@email.com"
1116,"Dwi Wulan Kusumawardhani","dwiwulankusumawardhani@email.com"
1117,"Dwi Putri Wulandari","dwiputriwulandari@email.com"
1118,"Hani Nur Wulandari","haninurwulandari@email.com"
1119,"Eka Saputra Putri","ekasaputraputri@email.com"
1120,"Hani Nur Kusumawardhani","haninurkusumawardhani@email.com"
1121,"Fajar Saputra Kusumawardhani","fajarsaputrakusumawardhani@email.com"
1122,"Hani Ramadhany Permana","haniramadhanypermana@email.com"
1123,"Budi Dewi Kusumawardhani","budidewikusumawardhani@email.com"
1124,"Andi Dewi Aditya","andidewiaditya@email.com"
1125,"Citra Putri Rahmawati","citraputrirahmawati@email.com"
1126,"Andi Agung Hartono","andiagunghartono@email.com"
1127,"Hani Permata Wulandari","hanipermatawulandari@email.com"
1128,"Hani Dewi Supriyanto","hanidewisupriyanto@email.com"
1129,"Dwi Kusuma Setyaningsih","dwikusumasetyaningsih@email.com"
1130,"Andi Putri Rahmawati","andiputrirahmawati@email.com"
1131,"Intan Ramadhany Saputra","intanramadhanysaputra@email.com"
1132,"Eka Dewi Setyaningsih","ekadewisetyaningsih@email.com"
1133,"Dwi Setiawati Rahmawati","dwisetiawatirahmawati@email.com"
1134,"Andi Setiawati Saputra","andisetiawatisaputra@email.com"
1135,"Hani Aji Rahmawati","haniajirahmawati@email.com"
1136,"Fajar Dewi Wulandari","fajardewiwulandari@email.com"
1137,"Hani Kusuma Setyaningsih","hanikusumasetyaningsih@email.com"
1138,"Citra Ramadhan Putri","citraramadhanputri@email.com"
1139,"Intan Putri Kusumawardhani","intanputrikusumawardhani@email.com"
1140,"Fajar Putri Wulandari","fajarputriwulandari@email.com"
1141,"Fajar Ramadhany Setyaningsih","fajarramadhanysetyaningsih@email.com"
1142,"Eka Dewi Permana","ekadewipermana@email.com"
1143,"Joko Rani Setyaningsih","jokoranisetyaningsih@email.com"
1144,"Dwi Nur Permana","dwinurpermana@email.com"
1145,"Eka Aji Aditya","ekaajiaditya@email.com"
1146,"Gita Ramadhany Setyaningsih","gitaramadhanysetyaningsih@email.com"
1147,"Intan Aji Hartono","intanajihartono@email.com"
1148,"Joko Setiawan Putri","jokosetiawanputri@email.com"
1149,"Citra Aji Kusumawardhani","citraajikusumawardhani@email.com"
1150,"Fajar Agung Saputra","fajaragungsaputra@email.com"
1151,"Gita Ramadhan Hartono","gitaramadhanhartono@email.com"
1152,"Gita Permata Saputra","gitapermatasaputra@email.com"
1153,"Citra Ramadhany Setyaningsih","citraramadhanysetyaningsih@email.com"
1154,"Eka Aji Wulandari","ekaajiwulandari@email.com"
1155,"Budi Kusuma Aditya","budikusumaaditya@email.com"
1156,"Citra Saputra Wulandari","citrasaputrawulandari@email.com"
1157,"Eka Ramadhany Saputra","ekaramadhanysaputra@email.com"
1158,"Andi Ramadhan Setyaningsih","andiramadhansetyaningsih@email.com"
1159,"Andi Setiawan Saputra","andisetiawansaputra@email.com"
1160,"Dwi Kusuma Supriyanto","dwikusumasupriyanto@email.com"
1161,"Budi Rani Saputra","budiranisaputra@email.com"
1162,"Joko Permata Putri","jokopermataputri@email.com"
1163,"Citra Ramadhan Wulandari","citraramadhanwulandari@email.com"
1164,"Joko Agung Setyaningsih","jokoagungsetyaningsih@email.com"
1165,"Hani Saputra Supriyanto","hanisaputrasupriyanto@email.com"
1166,"Citra Wulan Putri","citrawulanputri@email.com"
1167,"Intan Setiawan Saputra","intansetiawansaputra@email.com"
1168,"Gita Agung Hartono","gitaagunghartono@email.com"
1169,"Andi Putri Hartono","andiputrihartono@email.com"
1170,"Hani Saputra Setyaningsih","hanisaputrasetyaningsih@email.com"
1171,"Intan Setiawati Putri","intansetiawatiputri@email.com"
1172,"Andi Putri Permana","andiputripermana@email.com"
1173,"Joko Agung Putri","jokoagungputri@email.com"
1174,"Fajar Agung Hartono","fajaragunghartono@email.com"
1175,"Joko Arya Kusumawardhani","jokoaryakusumawardhani@email.com"
1176,"Citra Ramadhany Putri","citraramadhanyputri@email.com"
1177,"Intan Agung Wulandari","intanagungwulandari@email.com"
1178,"Andi Setiawati Hartono","andisetiawatihartono@email.com"
1179,"Gita Wulan Saputra","gitawulansaputra@email.com"
1180,"Citra Wulan Hartono","citrawulanhartono@email.com"
1181,"Budi Putri Saputra","budiputrisaputra@email.com"
1182,"Gita Dewi Wulandari","gitadewiwulandari@email.com"
1183,"Dwi Setiawati Setyaningsih","dwisetiawatisetyaningsih@email.com"
1184,"Andi Agung Saputra","andiagungsaputra@email.com"
1185,"Intan Putri Hartono","intanputrihartono@email.com"
1186,"Dwi Wulan Aditya","dwiwulanaditya@email.com"
1187,"Budi Setiawan Aditya","budisetiawanaditya@email.com"
1188,"Hani Ramadhan Wulandari","haniramadhanwulandari@email.com"
1189,"Joko Aji Hartono","jokoajihartono@email.com"
1190,"Andi Agung Setyaningsih","andiagungsetyaningsih@email.com"
1191,"Eka Aji Hartono","ekaajihartono@email.com"
1192,"Andi Ramadhan Rahmawati","andiramadhanrahmawati@email.com"
1193,"Budi Ramadhany Saputra","budiramadhanysaputra@email.com"
1194,"Fajar Rani Aditya","fajarraniaditya@email.com"
1195,"Dwi Nur Supriyanto","dwinursupriyanto@email.com"
1196,"Budi Aji Hartono","budiajihartono@email.com"
1197,"Budi Kusuma Permana","budikusumapermana@email.com"
1198,"Eka Agung Rahmawati","ekaagungrahmawati@email.com"
1199,"Intan Ramadhany Hartono","intanramadhanyhartono@email.com"
1200,"Andi Rani Kusumawardhani","andiranikusumawardhani@email.com"
1201,"Intan Nur Supriyanto","intannursupriyanto@email.com"
1202,"Budi Nur Wulandari","budinurwulandari@email.com"
1203,"Budi Arya Wulandari","budiaryawulandari@email.com"
1204,"Citra Aji Supriyanto","citraajisupriyanto@email.com"
1205,"Fajar Setiawan Saputra","fajarsetiawansaputra@email.com"
1206,"Intan Dewi Aditya","intandewiaditya@email.com"
1207,"Fajar Nur Wulandari","fajarnurwulandari@email.com"
1208,"Budi Permata Supriyanto","budipermatasupriyanto@email.com"
1209,"Andi Nur Setyaningsih","andinursetyaningsih@email.com"
1210,"Fajar Wulan Supriyanto","fajarwulansupriyanto@email.com"
1211,"Eka Wulan Hartono","ekawulanhartono@email.com"
1212,"Citra Rani Putri","citraraniputri@email.com"
1213,"Citra Setiawan Supriyanto","citrasetiawansupriyanto@email.com"
1214,"Citra Aji Setyaningsih","citraajisetyaningsih@email.com"
1215,"Dwi Wulan Hartono","dwiwulanhartono@email.com"
1216,"Fajar Permata Wulandari","fajarpermatawulandari@email.com"
1217,"Fajar Ramadhan Aditya","fajarramadhanaditya@email.com"
1218,"Hani Putri Setyaningsih","haniputrisetyaningsih@email.com"
1219,"Intan Setiawan Kusumawardhani","intansetiawankusumawardhani@email.com"
1220,"Intan Aji Setyaningsih","intanajisetyaningsih@email.com"
1221,"Eka Nur Hartono","ekanurhartono@email.com"
1222,"Gita Rani Kusumawardhani","gitaranikusumawardhani@email.com"
1223,"Eka Dewi Kusumawardhani","ekadewikusumawardhani@email.com"
1224,"Fajar Dewi Aditya","fajardewiaditya@email.com"
1225,"Dwi Aji Aditya","dwiajiaditya@email.com"
1226,"Eka Nur Kusumawardhani","ekanurkusumawardhani@email.com"
1227,"Andi Ramadhany Setyaningsih","andiramadhanysetyaningsih@email.com"
1228,"Budi Wulan Putri","budiwulanputri@email.com"
1229,"Hani Nur Aditya","haninuraditya@email.com"
1230,"Intan Ramadhan Setyaningsih","intanramadhansetyaningsih@email.com"
1231,"Hani Agung Hartono","haniagunghartono@email.com"
1232,"Joko Saputra Setyaningsih","jokosaputrasetyaningsih@email.com"
1233,"Budi Setiawan Setyaningsih","budisetiawansetyaningsih@email.com"
1234,"Dwi Putri Aditya","dwiputriaditya@email.com"
1235,"Intan Agung Permana","intanagungpermana@email.com"
1236,"Intan Kusuma Saputra","intankusumasaputra@email.com"
1237,"Eka Kusuma Aditya","ekakusumaaditya@email.com"
1238,"Dwi Ramadhany Kusumawardhani","dwiramadhanykusumawardhani@email.com"
1239,"Andi Aji Saputra","andiajisaputra@email.com"
1240,"Joko Saputra Rahmawati","jokosaputrarahmawati@email.com"
1241,"Gita Agung Wulandari","gitaagungwulandari@email.com"
1242,"Andi Dewi Kusumawardhani","andidewikusumawardhani@email.com"
1243,"Intan Setiawati Wulandari","intansetiawatiwulandari@email.com"
1244,"Andi Arya Kusumawardhani","andiaryakusumawardhani@email.com"
1245,"Intan Rani Permana","intanranipermana@email.com"
1246,"Budi Setiawan Rahmawati","budisetiawanrahmawati@email.com"
1247,"Dwi Permata Aditya","dwipermataaditya@email.com"
1248,"Joko Kusuma Putri","jokokusumaputri@email.com"
1249,"Dwi Setiawan Putri","dwisetiawanputri@email.com"
1250,"Budi Setiawan Wulandari","budisetiawanwulandari@email.com"
1251,"Gita Arya Wulandari","gitaaryawulandari@email.com"
1252,"Gita Putri Kusumawardhani","gitaputrikusumawardhani@email.com"
1253,"Andi Kusuma Rahmawati","andikusumarahmawati@email.com"
1254,"Andi Arya Setyaningsih","andiaryasetyaningsih@email.com"
1255,"Citra Permata Saputra","citrapermatasaputra@email.com"
1256,"Citra Saputra Rahmawati","citrasaputrarahmawati@email.com"
1257,"Eka Ramadhan Supriyanto","ekaramadhansupriyanto@email.com"
1258,"Andi Dewi Setyaningsih","andidewisetyaningsih@email.com"
1259,"Hani Setiawan Setyaningsih","hanisetiawansetyaningsih@email.com"
1260,"Andi Wulan Saputra","andiwulansaputra@email.com"
1261,"Intan Dewi Putri","intandewiputri@email.com"
1262,"Joko Wulan Saputra","jokowulansaputra@email.com"
1263,"Budi Arya Putri","budiaryaputri@email.com"
1264,"Citra Dewi Supriyanto","citradewisupriyanto@email.com"
1265,"Intan Setiawan Permana","intansetiawanpermana@email.com"
1266,"Fajar Permata Kusumawardhani","fajarpermatakusumawardhani@email.com"
1267,"Budi Wulan Supriyanto","budiwulansupriyanto@email.com"
1268,"Andi Ramadhan Aditya","andiramadhanaditya@email.com"
1269,"Andi Agung Wulandari","andiagungwulandari@email.com"
1270,"Citra Ramadhany Kusumawardhani","citraramadhanykusumawardhani@email.com"
1271,"Intan Ramadhany Putri","intanramadhanyputri@email.com"
1272,"Budi Saputra Wulandari","budisaputrawulandari@email.com"
1273,"Intan Arya Permana","intanaryapermana@email.com"
1274,"Dwi Nur Hartono","dwinurhartono@email.com"
1275,"Joko Setiawati Rahmawati","jokosetiawatirahmawati@email.com"
1276,"Joko Putri Permana","jokoputripermana@email.com"
1277,"Dwi Ramadhan Saputra","dwiramadhansaputra@email.com"
1278,"Dwi Dewi Permana","dwidewipermana@email.com"
1279,"Eka Agung Wulandari","ekaagungwulandari@email.com"
1280,"Budi Nur Aditya","budinuraditya@email.com"
1281,"Andi Kusuma Permana","andikusumapermana@email.com"
1282,"Dwi Permata Hartono","dwipermatahartono@email.com"
1283,"Dwi Aji Supriyanto","dwiajisupriyanto@email.com"
1284,"Dwi Setiawati Hartono","dwisetiawatihartono@email.com"
1285,"Joko Agung Saputra","jokoagungsaputra@email.com"
1286,"Dwi Setiawati Permana","dwisetiawatipermana@email.com"
1287,"Eka Saputra Aditya","ekasaputraaditya@email.com"
1288,"Budi Rani Aditya","budiraniaditya@email.com"
1289,"Fajar Kusuma Putri","fajarkusumaputri@email.com"
1290,"Budi Ramadhany Kusumawardhani","budiramadhanykusumawardhani@email.com"
1291,"Dwi Nur Wulandari","dwinurwulandari@email.com"
1292,"Gita Setiawati Permana","gitasetiawatipermana@email.com"
1293,"Budi Putri Wulandari","budiputriwulandari@email.com"
1294,"Intan Saputra Setyaningsih","intansaputrasetyaningsih@email.com"
1295,"Fajar Aji Aditya","fajarajiaditya@email.com"
1296,"Fajar Saputra Permana","fajarsaputrapermana@email.com"
1297,"Joko Setiawan Saputra","jokosetiawansaputra@email.com"
1298,"Joko Rani Putri","jokoraniputri@email.com"
1299,"Hani Agung Wulandari","haniagungwulandari@email.com"
1300,"Budi Ramadhany Aditya","budiramadhanyaditya@email.com"
1301,"Citra Ramadhany Hartono","citraramadhanyhartono@email.com"
1302,"Hani Dewi Rahmawati","hanidewirahmawati@email.com"
1303,"Andi Ramadhan Saputra","andiramadhansaputra@email.com"
1304,"Fajar Setiawan Wulandari","fajarsetiawanwulandari@email.com"
1305,"Budi Nur Kusumawardhani","budinurkusumawardhani@email.com"
1306,"Dwi Rani Permana","dwiranipermana@email.com"
1307,"Budi Nur Putri","budinurputri@email.com"
1308,"Hani Setiawan Wulandari","hanisetiawanwulandari@email.com"
1309,"Hani Permata Setyaningsih","hanipermatasetyaningsih@email.com"
1310,"Hani Wulan Wulandari","haniwulanwulandari@email.com"
1311,"Intan Ramadhan Wulandari","intanramadhanwulandari@email.com"
1312,"Dwi Kusuma Saputra","dwikusumasaputra@email.com"
1313,"Joko Permata Supriyanto","jokopermatasupriyanto@email.com"
1314,"Dwi Dewi Hartono","dwidewihartono@email.com"
1315,"Gita Nur Supriyanto","gitanursupriyanto@email.com"
1316,"Intan Permata Aditya","intanpermataaditya@email.com"
1317,"Eka Agung Hartono","ekaagunghartono@email.com"
1318,"Budi Agung Putri","budiagungputri@email.com"
1319,"Hani Dewi Kusumawardhani","hanidewikusumawardhani@email.com"
1320,"Budi Dewi Setyaningsih","budidewisetyaningsih@email.com"
1321,"Citra Dewi Kusumawardhani","citradewikusumawardhani@email.com"
1322,"Andi Saputra Supriyanto","andisaputrasupriyanto@email.com"
1323,"Andi Setiawan Aditya","andisetiawanaditya@email.com"
1324,"Gita Putri Permana","gitaputripermana@email.com"
1325,"Intan Putri Aditya","intanputriaditya@email.com"
1326,"Andi Arya Wulandari","andiaryawulandari@email.com"
1327,"Fajar Aji Kusumawardhani","fajarajikusumawardhani@email.com"
1328,"Citra Arya Permana","citraaryapermana@email.com"
1329,"Dwi Putri Supriyanto","dwiputrisupriyanto@email.com"
1330,"Dwi Kusuma Wulandari","dwikusumawulandari@email.com"
1331,"Budi Dewi Rahmawati","budidewirahmawati@email.com"
1332,"Gita Dewi Hartono","gitadewihartono@email.com"
1333,"Andi Permata Aditya","andipermataaditya@email.com"
1334,"Hani Ramadhany Supriyanto","haniramadhanysupriyanto@email.com"
1335,"Intan Arya Hartono","intanaryahartono@email.com"
1336,"Fajar Arya Setyaningsih","fajararyasetyaningsih@email.com"
1337,"Andi Arya Aditya","andiaryaaditya@email.com"
1338,"Joko Dewi Supriyanto","jokodewisupriyanto@email.com"
1339,"Fajar Rani Setyaningsih","fajarranisetyaningsih@email.com"
1340,"Fajar Setiawati Wulandari","fajarsetiawatiwulandari@email.com"
1341,"Gita Arya Permana","gitaaryapermana@email.com"
1342,"Intan Dewi Kusumawardhani","intandewikusumawardhani@email.com"
1343,"Eka Permata Permana","ekapermatapermana@email.com"
1344,"Fajar Saputra Wulandari","fajarsaputrawulandari@email.com"
1345,"Hani Rani Supriyanto","haniranisupriyanto@email.com"
1346,"Dwi Ramadhan Kusumawardhani","dwiramadhankusumawardhani@email.com"
1347,"Hani Putri Rahmawati","haniputrirahmawati@email.com"
1348,"Eka Nur Permana","ekanurpermana@email.com"
1349,"Budi Dewi Permana","budidewipermana@email.com"
1350,"Hani Wulan Aditya","haniwulanaditya@email.com"
1351,"Budi Aji Supriyanto","budiajisupriyanto@email.com"
1352,"Dwi Permata Permana","dwipermatapermana@email.com"
1353,"Gita Arya Supriyanto","gitaaryasupriyanto@email.com"
1354,"Fajar Setiawan Putri","fajarsetiawanputri@email.com"
1355,"Intan Permata Hartono","intanpermatahartono@email.com"
1356,"Fajar Putri Supriyanto","fajarputrisupriyanto@email.com"
1357,"Andi Rani Rahmawati","andiranirahmawati@email.com"
1358,"Joko Saputra Wulandari","jokosaputrawulandari@email.com"
1359,"Eka Agung Supriyanto","ekaagungsupriyanto@email.com"
1360,"Citra Aji Hartono","citraajihartono@email.com"
1361,"Dwi Rani Aditya","dwiraniaditya@email.com"
1362,"Dwi Dewi Kusumawardhani","dwidewikusumawardhani@email.com"
1363,"Citra Agung Permana","citraagungpermana@email.com"
1364,"Dwi Ramadhan Wulandari","dwiramadhanwulandari@email.com"
1365,"Gita Dewi Setyaningsih","gitadewisetyaningsih@email.com"
1366,"Citra Ramadhan Saputra","citraramadhansaputra@email.com"
1367,"Fajar Permata Hartono","fajarpermatahartono@email.com"
1368,"Gita Wulan Aditya","gitawulanaditya@email.com"
1369,"Joko Ramadhan Hartono","jokoramadhanhartono@email.com"
1370,"Gita Permata Setyaningsih","gitapermatasetyaningsih@email.com"
1371,"Hani Agung Permana","haniagungpermana@email.com"
1372,"Andi Ramadhany Wulandari","andiramadhanywulandari@email.com"
1373,"Budi Agung Hartono","budiagunghartono@email.com"
1374,"Citra Setiawan Permana","citrasetiawanpermana@email.com"
1375,"Intan Dewi Saputra","intandewisaputra@email.com"
1376,"Joko Dewi Saputra","jokodewisaputra@email.com"
1377,"Hani Aji Saputra","haniajisaputra@email.com"
1378,"Andi Putri Setyaningsih","andiputrisetyaningsih@email.com"
1379,"Budi Ramadhan Rahmawati","budiramadhanrahmawati@email.com"
1380,"Dwi Kusuma Putri","dwikusumaputri@email.com"
1381,"Joko Dewi Hartono","jokodewihartono@email.com"
1382,"Dwi Permata Putri","dwipermataputri@email.com"
1383,"Hani Saputra Kusumawardhani","hanisaputrakusumawardhani@email.com"
1384,"Hani Rani Putri","haniraniputri@email.com"
1385,"Joko Aji Setyaningsih","jokoajisetyaningsih@email.com"
1386,"Citra Setiawan Rahmawati","citrasetiawanrahmawati@email.com"
1387,"Dwi Nur Setyaningsih","dwinursetyaningsih@email.com"
1388,"Citra Saputra Saputra","citrasaputrasaputra@email.com"
1389,"Fajar Ramadhany Aditya","fajarramadhanyaditya@email.com"
1390,"Dwi Saputra Setyaningsih","dwisaputrasetyaningsih@email.com"
1391,"Fajar Saputra Supriyanto","fajarsaputrasupriyanto@email.com"
1392,"Andi Ramadhan Supriyanto","andiramadhansupriyanto@email.com"
1393,"Eka Rani Kusumawardhani","ekaranikusumawardhani@email.com"
1394,"Fajar Setiawan Permana","fajarsetiawanpermana@email.com"
1395,"Eka Ramadhany Setyaningsih","ekaramadhanysetyaningsih@email.com"
1396,"Budi Agung Permana","budiagungpermana@email.com"
1397,"Dwi Ramadhany Aditya","dwiramadhanyaditya@email.com"
1398,"Andi Wulan Aditya","andiwulanaditya@email.com"
1399,"Joko Setiawan Aditya","jokosetiawanaditya@email.com"
1400,"Dwi Setiawati Putri","dwisetiawatiputri@email.com"
1401,"Intan Permata Kusumawardhani","intanpermatakusumawardhani@email.com"
1402,"Eka Permata Wulandari","ekapermatawulandari@email.com"
1403,"Citra Nur Permana","citranurpermana@email.com"
1404,"Joko Permata Aditya","jokopermataaditya@email.com"
1405,"Eka Saputra Setyaningsih","ekasaputrasetyaningsih@email.com"
1406,"Dwi Wulan Saputra","dwiwulansaputra@email.com"
1407,"Gita Arya Kusumawardhani","gitaaryakusumawardhani@email.com"
1408,"Hani Ramadhan Rahmawati","haniramadhanrahmawati@email.com"
1409,"Dwi Kusuma Rahmawati","dwikusumarahmawati@email.com"
1410,"Budi Dewi Hartono","budidewihartono@email.com"
1411,"Intan Ramadhan Putri","intanramadhanputri@email.com"
1412,"Hani Wulan Kusumawardhani","haniwulankusumawardhani@email.com"
1413,"Citra Agung Putri","citraagungputri@email.com"
1414,"Dwi Aji Permana","dwiajipermana@email.com"
1415,"Dwi Ramadhan Hartono","dwiramadhanhartono@email.com"
1416,"Fajar Setiawati Aditya","fajarsetiawatiaditya@email.com"
1417,"Citra Ramadhan Supriyanto","citraramadhansupriyanto@email.com"
1418,"Budi Setiawan Hartono","budisetiawanhartono@email.com"
1419,"Fajar Agung Wulandari","fajaragungwulandari@email.com"
1420,"Budi Rani Supriyanto","budiranisupriyanto@email.com"
1421,"Fajar Rani Kusumawardhani","fajarranikusumawardhani@email.com"
1422,"Eka Wulan Supriyanto","ekawulansupriyanto@email.com"
1423,"Dwi Putri Rahmawati","dwiputrirahmawati@email.com"
